-- phpMyAdmin SQL Dump
-- version 5.0.4
-- https://www.phpmyadmin.net/
--
-- Host: 127.0.0.1
-- Generation Time: Jan 03, 2022 at 07:55 AM
-- Server version: 10.4.17-MariaDB
-- PHP Version: 8.0.1

SET SQL_MODE = "NO_AUTO_VALUE_ON_ZERO";
START TRANSACTION;
SET time_zone = "+00:00";


/*!40101 SET @OLD_CHARACTER_SET_CLIENT=@@CHARACTER_SET_CLIENT */;
/*!40101 SET @OLD_CHARACTER_SET_RESULTS=@@CHARACTER_SET_RESULTS */;
/*!40101 SET @OLD_COLLATION_CONNECTION=@@COLLATION_CONNECTION */;
/*!40101 SET NAMES utf8mb4 */;

--
-- Database: `blog2`
--

-- --------------------------------------------------------

--
-- Table structure for table `abilities`
--

CREATE TABLE `abilities` (
  `id` bigint(20) UNSIGNED NOT NULL,
  `name` varchar(255) COLLATE utf8mb4_unicode_ci NOT NULL,
  `label` varchar(255) COLLATE utf8mb4_unicode_ci DEFAULT NULL,
  `created_at` timestamp NULL DEFAULT NULL,
  `updated_at` timestamp NULL DEFAULT NULL
) ENGINE=InnoDB DEFAULT CHARSET=utf8mb4 COLLATE=utf8mb4_unicode_ci;

--
-- Dumping data for table `abilities`
--

INSERT INTO `abilities` (`id`, `name`, `label`, `created_at`, `updated_at`) VALUES
(1, 'edit-post', NULL, '2021-11-11 14:17:45', '2021-11-11 14:17:45'),
(2, 'delete-post', NULL, '2021-11-11 14:17:59', '2021-11-11 14:17:59'),
(3, 'update-post', NULL, '2021-11-11 14:18:08', '2021-11-11 14:18:08'),
(4, 'view-post', NULL, '2021-11-11 14:18:38', '2021-11-11 14:18:38');

-- --------------------------------------------------------

--
-- Table structure for table `ability_role`
--

CREATE TABLE `ability_role` (
  `role_id` bigint(20) UNSIGNED NOT NULL,
  `ability_id` bigint(20) UNSIGNED NOT NULL,
  `created_at` timestamp NULL DEFAULT NULL,
  `updated_at` timestamp NULL DEFAULT NULL
) ENGINE=InnoDB DEFAULT CHARSET=utf8mb4 COLLATE=utf8mb4_unicode_ci;

--
-- Dumping data for table `ability_role`
--

INSERT INTO `ability_role` (`role_id`, `ability_id`, `created_at`, `updated_at`) VALUES
(2, 4, '2021-11-11 14:20:21', '2021-11-11 14:20:21'),
(2, 3, '2021-11-11 14:20:26', '2021-11-11 14:20:26'),
(2, 2, '2021-11-11 14:20:36', '2021-11-11 14:20:36'),
(2, 1, '2021-11-11 14:20:39', '2021-11-11 14:20:39');

-- --------------------------------------------------------

--
-- Table structure for table `categories`
--

CREATE TABLE `categories` (
  `id` bigint(20) UNSIGNED NOT NULL,
  `name` varchar(255) COLLATE utf8mb4_unicode_ci NOT NULL,
  `description` text COLLATE utf8mb4_unicode_ci DEFAULT NULL,
  `created_at` timestamp NULL DEFAULT NULL,
  `updated_at` timestamp NULL DEFAULT NULL
) ENGINE=InnoDB DEFAULT CHARSET=utf8mb4 COLLATE=utf8mb4_unicode_ci;

--
-- Dumping data for table `categories`
--

INSERT INTO `categories` (`id`, `name`, `description`, `created_at`, `updated_at`) VALUES
(46, 'php', 'This category contain a lot of php tutorials .', '2021-11-03 16:51:43', '2021-11-08 18:11:15'),
(47, 'html', 'learn all html tags', '2021-11-03 16:51:48', '2021-11-03 17:06:57'),
(48, 'node js', 'You will learn all about node js and express', '2021-11-03 16:51:54', '2021-11-08 18:14:17'),
(51, 'Java', 'You will learn all about java and android', '2021-11-03 16:52:34', '2021-11-08 19:10:16');

-- --------------------------------------------------------

--
-- Table structure for table `comments`
--

CREATE TABLE `comments` (
  `id` bigint(20) UNSIGNED NOT NULL,
  `comment` mediumtext CHARACTER SET utf8 NOT NULL,
  `user_id` bigint(20) UNSIGNED NOT NULL,
  `post_id` bigint(20) UNSIGNED NOT NULL,
  `created_at` timestamp NULL DEFAULT NULL,
  `updated_at` timestamp NULL DEFAULT NULL
) ENGINE=InnoDB DEFAULT CHARSET=utf8mb4 COLLATE=utf8mb4_unicode_ci;

--
-- Dumping data for table `comments`
--

INSERT INTO `comments` (`id`, `comment`, `user_id`, `post_id`, `created_at`, `updated_at`) VALUES
(1, 'great post', 47, 38, '2021-11-09 19:41:55', '2021-11-09 19:41:55'),
(2, 'nice', 47, 38, '2021-11-09 19:52:50', '2021-11-09 19:52:50'),
(3, 'hello comments', 47, 38, '2021-11-11 10:33:12', '2021-11-11 10:33:12'),
(4, 'hello', 47, 39, '2021-12-25 16:11:53', '2021-12-25 16:11:53');

-- --------------------------------------------------------

--
-- Table structure for table `failed_jobs`
--

CREATE TABLE `failed_jobs` (
  `id` bigint(20) UNSIGNED NOT NULL,
  `uuid` varchar(255) COLLATE utf8mb4_unicode_ci NOT NULL,
  `connection` text COLLATE utf8mb4_unicode_ci NOT NULL,
  `queue` text COLLATE utf8mb4_unicode_ci NOT NULL,
  `payload` longtext COLLATE utf8mb4_unicode_ci NOT NULL,
  `exception` longtext COLLATE utf8mb4_unicode_ci NOT NULL,
  `failed_at` timestamp NOT NULL DEFAULT current_timestamp()
) ENGINE=InnoDB DEFAULT CHARSET=utf8mb4 COLLATE=utf8mb4_unicode_ci;

-- --------------------------------------------------------

--
-- Table structure for table `migrations`
--

CREATE TABLE `migrations` (
  `id` int(10) UNSIGNED NOT NULL,
  `migration` varchar(255) COLLATE utf8mb4_unicode_ci NOT NULL,
  `batch` int(11) NOT NULL
) ENGINE=InnoDB DEFAULT CHARSET=utf8mb4 COLLATE=utf8mb4_unicode_ci;

--
-- Dumping data for table `migrations`
--

INSERT INTO `migrations` (`id`, `migration`, `batch`) VALUES
(1, '2014_10_12_000000_create_users_table', 1),
(2, '2014_10_12_100000_create_password_resets_table', 1),
(3, '2019_08_19_000000_create_failed_jobs_table', 1),
(4, '2021_04_23_084909_create_categories_table', 1),
(5, '2021_10_13_055438_create_roles_table', 1),
(6, '2021_10_30_201549_create_posts_table', 1),
(7, '2021_10_30_214151_create_comments_table', 1);

-- --------------------------------------------------------

--
-- Table structure for table `password_resets`
--

CREATE TABLE `password_resets` (
  `email` varchar(255) COLLATE utf8mb4_unicode_ci NOT NULL,
  `token` varchar(255) COLLATE utf8mb4_unicode_ci NOT NULL,
  `created_at` timestamp NULL DEFAULT NULL
) ENGINE=InnoDB DEFAULT CHARSET=utf8mb4 COLLATE=utf8mb4_unicode_ci;

-- --------------------------------------------------------

--
-- Table structure for table `posts`
--

CREATE TABLE `posts` (
  `id` bigint(20) UNSIGNED NOT NULL,
  `title` varchar(255) COLLATE utf8mb4_unicode_ci NOT NULL,
  `slug` varchar(255) CHARACTER SET utf8 NOT NULL,
  `cover` varchar(255) COLLATE utf8mb4_unicode_ci DEFAULT NULL,
  `excerpt` tinytext COLLATE utf8mb4_unicode_ci NOT NULL,
  `body` longtext COLLATE utf8mb4_unicode_ci NOT NULL,
  `tags` longtext CHARACTER SET utf8mb4 COLLATE utf8mb4_bin DEFAULT NULL CHECK (json_valid(`tags`)),
  `status` varchar(50) COLLATE utf8mb4_unicode_ci NOT NULL DEFAULT 'published',
  `comment_status` enum('opened','closed') COLLATE utf8mb4_unicode_ci NOT NULL DEFAULT 'opened',
  `views` mediumint(8) UNSIGNED NOT NULL DEFAULT 0,
  `user_id` bigint(20) UNSIGNED NOT NULL,
  `category_id` bigint(20) UNSIGNED NOT NULL,
  `created_at` timestamp NULL DEFAULT NULL,
  `updated_at` timestamp NULL DEFAULT NULL
) ENGINE=InnoDB DEFAULT CHARSET=utf8mb4 COLLATE=utf8mb4_unicode_ci;

--
-- Dumping data for table `posts`
--

INSERT INTO `posts` (`id`, `title`, `slug`, `cover`, `excerpt`, `body`, `tags`, `status`, `comment_status`, `views`, `user_id`, `category_id`, `created_at`, `updated_at`) VALUES
(38, 'learn php from scratch', 'learn-php-from-zero-to-hero', '1635973393_png', 'Lorem Ipsum is simply dummy text of the printing and typesetting industry. Lorem Ipsum has been the industry\'s standard dummy text ever since the 1500', 'Lorem Ipsum is simply dummy text of the printing and typesetting industry. Lorem Ipsum has been the industry\'s standard dummy text ever since the 1500s, when an unknown printer took a galley of type and scrambled it to make a type specimen book. It has survived not only five centuries, buLorem Ipsum is simply dummy text of the printing and typesetting industry. Lorem Ipsum has been the industry\'s standard dummy text ever since the 1500s, when an unknown printer took a galley of type and scramble', '[\"learn\",\"php\",\"xampp\",\"apache\" , \"web\" , \"mysql\"]', 'published', 'opened', 0, 46, 46, '2021-11-03 19:03:13', '2021-11-03 19:03:13'),
(39, 'learn html from scratch', 'learn-html-from-zero-to-hero', '1635973515_jpg', 'Lorem Ipsum is simply dummy text of the printing and typesetting industry. Lorem Ipsum has been the industry\'s standard dummy text ever since the 1500', 'Lorem Ipsum is simply dummy text of the printing and typesetting industry. Lorem Ipsum has been the industry\'s standard dummy text ever since the 1500s, when an unknown printer took a galley of type and scrambled it to make a type specimen book. It has survived not only five centuries, buLorem Ipsum is simply dummy text of the printing and typesetting industry. Lorem Ipsum has been the industry\'s standard dummy text ever since the 1500s, when an unknown printer took a galley of type and scramble', '[\"html\",\"css\",\"responsive\",\"web\" , \"learn\"]', 'published', 'opened', 0, 47, 47, '2021-11-03 19:05:15', '2021-11-03 19:05:15'),
(40, 'learn css from zero', 'learn-css-from-zero', '1635973870_jpg', 'Lorem Ipsum is simply dummy text of the printing and typesetting industry. Lorem Ipsum has been the industry\'s standard dummy text ever since the 1500', 'Lorem Ipsum is simply dummy text of the printing and typesetting industry. Lorem Ipsum has been the industry\'s standard dummy text ever since the 1500s, when an unknown printer took a galley of type and scrambled it to make a type specimen book. It has survived not only five centuries, but also the leap into electronic typesetting, remaining essentially unchanged. It was popularised in the 1960s with the release of Letraset sheets containing Lorem Ipsum passages, and more recently with desktop p', '[\"html\",\"css\",\"sass\",\"web\" , \"learn\"]', 'published', 'opened', 0, 46, 47, '2021-11-03 19:11:10', '2021-11-03 19:11:10');
INSERT INTO `posts` (`id`, `title`, `slug`, `cover`, `excerpt`, `body`, `tags`, `status`, `comment_status`, `views`, `user_id`, `category_id`, `created_at`, `updated_at`) VALUES
(41, 'learn java  and android from scratch', 'learn-java-and-android-from-zero', '1636235161_jpg', 'Lorem Ipsum is simply dummy text of the printing and typesetting industry. Lorem Ipsum has been the industry\'s standard dummy text ever since the 1500', '<p>Lorem Ipsum is simply dummy text of the printing and typesetting industry. Lorem Ipsum has been the industry\'s standard dummy text ever since the 1500s, when an unknown printer took a galley of type and scrambled it to make a type specimen book. It has survived not only five centuries, but also the leap into electronic typesetting, remaining essentially unchanged. It was popularised in the 1960s with the release of Letraset sheets containing Lorem Ipsum passages, and more recently with desktop .Lorem Ipsum is simply dummy text of the printing and typesetting industry. Lorem Ipsum has been the industry\'s standard dummy text ever since the 1500s, when an unknown printer took a galley of type and scrambled it to make a type specimen book. It has survived not only five centuries, but also the leap into electronic typesetting, remaining essentially unchanged. It was popularised in the 1960s with the release of Letraset sheets containing Lorem Ipsum passages, and more recently with desktop</p>\r\n<p><img style=\"display: block; margin-left: auto; margin-right: auto;\" src=\"data:image/jpeg;base64,/9j/4AAQSkZJRgABAQEASABIAAD/4gxYSUNDX1BST0ZJTEUAAQEAAAxITGlubwIQAABtbnRyUkdCIFhZWiAHzgACAAkABgAxAABhY3NwTVNGVAAAAABJRUMgc1JHQgAAAAAAAAAAAAAAAAAA9tYAAQAAAADTLUhQICAAAAAAAAAAAAAAAAAAAAAAAAAAAAAAAAAAAAAAAAAAAAAAAAAAAAAAAAAAAAAAABFjcHJ0AAABUAAAADNkZXNjAAABhAAAAGx3dHB0AAAB8AAAABRia3B0AAACBAAAABRyWFlaAAACGAAAABRnWFlaAAACLAAAABRiWFlaAAACQAAAABRkbW5kAAACVAAAAHBkbWRkAAACxAAAAIh2dWVkAAADTAAAAIZ2aWV3AAAD1AAAACRsdW1pAAAD+AAAABRtZWFzAAAEDAAAACR0ZWNoAAAEMAAAAAxyVFJDAAAEPAAACAxnVFJDAAAEPAAACAxiVFJDAAAEPAAACAx0ZXh0AAAAAENvcHlyaWdodCAoYykgMTk5OCBIZXdsZXR0LVBhY2thcmQgQ29tcGFueQAAZGVzYwAAAAAAAAASc1JHQiBJRUM2MTk2Ni0yLjEAAAAAAAAAAAAAABJzUkdCIElFQzYxOTY2LTIuMQAAAAAAAAAAAAAAAAAAAAAAAAAAAAAAAAAAAAAAAAAAAAAAAAAAAAAAAAAAAAAAAAAAWFlaIAAAAAAAAPNRAAEAAAABFsxYWVogAAAAAAAAAAAAAAAAAAAAAFhZWiAAAAAAAABvogAAOPUAAAOQWFlaIAAAAAAAAGKZAAC3hQAAGNpYWVogAAAAAAAAJKAAAA+EAAC2z2Rlc2MAAAAAAAAAFklFQyBodHRwOi8vd3d3LmllYy5jaAAAAAAAAAAAAAAAFklFQyBodHRwOi8vd3d3LmllYy5jaAAAAAAAAAAAAAAAAAAAAAAAAAAAAAAAAAAAAAAAAAAAAAAAAAAAAAAAAAAAAABkZXNjAAAAAAAAAC5JRUMgNjE5NjYtMi4xIERlZmF1bHQgUkdCIGNvbG91ciBzcGFjZSAtIHNSR0IAAAAAAAAAAAAAAC5JRUMgNjE5NjYtMi4xIERlZmF1bHQgUkdCIGNvbG91ciBzcGFjZSAtIHNSR0IAAAAAAAAAAAAAAAAAAAAAAAAAAAAAZGVzYwAAAAAAAAAsUmVmZXJlbmNlIFZpZXdpbmcgQ29uZGl0aW9uIGluIElFQzYxOTY2LTIuMQAAAAAAAAAAAAAALFJlZmVyZW5jZSBWaWV3aW5nIENvbmRpdGlvbiBpbiBJRUM2MTk2Ni0yLjEAAAAAAAAAAAAAAAAAAAAAAAAAAAAAAAAAAHZpZXcAAAAAABOk/gAUXy4AEM8UAAPtzAAEEwsAA1yeAAAAAVhZWiAAAAAAAEwJVgBQAAAAVx/nbWVhcwAAAAAAAAABAAAAAAAAAAAAAAAAAAAAAAAAAo8AAAACc2lnIAAAAABDUlQgY3VydgAAAAAAAAQAAAAABQAKAA8AFAAZAB4AIwAoAC0AMgA3ADsAQABFAEoATwBUAFkAXgBjAGgAbQByAHcAfACBAIYAiwCQAJUAmgCfAKQAqQCuALIAtwC8AMEAxgDLANAA1QDbAOAA5QDrAPAA9gD7AQEBBwENARMBGQEfASUBKwEyATgBPgFFAUwBUgFZAWABZwFuAXUBfAGDAYsBkgGaAaEBqQGxAbkBwQHJAdEB2QHhAekB8gH6AgMCDAIUAh0CJgIvAjgCQQJLAlQCXQJnAnECegKEAo4CmAKiAqwCtgLBAssC1QLgAusC9QMAAwsDFgMhAy0DOANDA08DWgNmA3IDfgOKA5YDogOuA7oDxwPTA+AD7AP5BAYEEwQgBC0EOwRIBFUEYwRxBH4EjASaBKgEtgTEBNME4QTwBP4FDQUcBSsFOgVJBVgFZwV3BYYFlgWmBbUFxQXVBeUF9gYGBhYGJwY3BkgGWQZqBnsGjAadBq8GwAbRBuMG9QcHBxkHKwc9B08HYQd0B4YHmQesB78H0gflB/gICwgfCDIIRghaCG4IggiWCKoIvgjSCOcI+wkQCSUJOglPCWQJeQmPCaQJugnPCeUJ+woRCicKPQpUCmoKgQqYCq4KxQrcCvMLCwsiCzkLUQtpC4ALmAuwC8gL4Qv5DBIMKgxDDFwMdQyODKcMwAzZDPMNDQ0mDUANWg10DY4NqQ3DDd4N+A4TDi4OSQ5kDn8Omw62DtIO7g8JDyUPQQ9eD3oPlg+zD88P7BAJECYQQxBhEH4QmxC5ENcQ9RETETERTxFtEYwRqhHJEegSBxImEkUSZBKEEqMSwxLjEwMTIxNDE2MTgxOkE8UT5RQGFCcUSRRqFIsUrRTOFPAVEhU0FVYVeBWbFb0V4BYDFiYWSRZsFo8WshbWFvoXHRdBF2UXiReuF9IX9xgbGEAYZRiKGK8Y1Rj6GSAZRRlrGZEZtxndGgQaKhpRGncanhrFGuwbFBs7G2MbihuyG9ocAhwqHFIcexyjHMwc9R0eHUcdcB2ZHcMd7B4WHkAeah6UHr4e6R8THz4faR+UH78f6iAVIEEgbCCYIMQg8CEcIUghdSGhIc4h+yInIlUigiKvIt0jCiM4I2YjlCPCI/AkHyRNJHwkqyTaJQklOCVoJZclxyX3JicmVyaHJrcm6CcYJ0kneierJ9woDSg/KHEooijUKQYpOClrKZ0p0CoCKjUqaCqbKs8rAis2K2krnSvRLAUsOSxuLKIs1y0MLUEtdi2rLeEuFi5MLoIuty7uLyQvWi+RL8cv/jA1MGwwpDDbMRIxSjGCMbox8jIqMmMymzLUMw0zRjN/M7gz8TQrNGU0njTYNRM1TTWHNcI1/TY3NnI2rjbpNyQ3YDecN9c4FDhQOIw4yDkFOUI5fzm8Ofk6Njp0OrI67zstO2s7qjvoPCc8ZTykPOM9Ij1hPaE94D4gPmA+oD7gPyE/YT+iP+JAI0BkQKZA50EpQWpBrEHuQjBCckK1QvdDOkN9Q8BEA0RHRIpEzkUSRVVFmkXeRiJGZ0arRvBHNUd7R8BIBUhLSJFI10kdSWNJqUnwSjdKfUrESwxLU0uaS+JMKkxyTLpNAk1KTZNN3E4lTm5Ot08AT0lPk0/dUCdQcVC7UQZRUFGbUeZSMVJ8UsdTE1NfU6pT9lRCVI9U21UoVXVVwlYPVlxWqVb3V0RXklfgWC9YfVjLWRpZaVm4WgdaVlqmWvVbRVuVW+VcNVyGXNZdJ114XcleGl5sXr1fD19hX7NgBWBXYKpg/GFPYaJh9WJJYpxi8GNDY5dj62RAZJRk6WU9ZZJl52Y9ZpJm6Gc9Z5Nn6Wg/aJZo7GlDaZpp8WpIap9q92tPa6dr/2xXbK9tCG1gbbluEm5rbsRvHm94b9FwK3CGcOBxOnGVcfByS3KmcwFzXXO4dBR0cHTMdSh1hXXhdj52m3b4d1Z3s3gReG54zHkqeYl553pGeqV7BHtje8J8IXyBfOF9QX2hfgF+Yn7CfyN/hH/lgEeAqIEKgWuBzYIwgpKC9INXg7qEHYSAhOOFR4Wrhg6GcobXhzuHn4gEiGmIzokziZmJ/opkisqLMIuWi/yMY4zKjTGNmI3/jmaOzo82j56QBpBukNaRP5GokhGSepLjk02TtpQglIqU9JVflcmWNJaflwqXdZfgmEyYuJkkmZCZ/JpomtWbQpuvnByciZz3nWSd0p5Anq6fHZ+Ln/qgaaDYoUehtqImopajBqN2o+akVqTHpTilqaYapoum/adup+CoUqjEqTepqaocqo+rAqt1q+msXKzQrUStuK4trqGvFq+LsACwdbDqsWCx1rJLssKzOLOutCW0nLUTtYq2AbZ5tvC3aLfguFm40blKucK6O7q1uy67p7whvJu9Fb2Pvgq+hL7/v3q/9cBwwOzBZ8Hjwl/C28NYw9TEUcTOxUvFyMZGxsPHQce/yD3IvMk6ybnKOMq3yzbLtsw1zLXNNc21zjbOts83z7jQOdC60TzRvtI/0sHTRNPG1EnUy9VO1dHWVdbY11zX4Nhk2OjZbNnx2nba+9uA3AXcit0Q3ZbeHN6i3ynfr+A24L3hROHM4lPi2+Nj4+vkc+T85YTmDeaW5x/nqegy6LzpRunQ6lvq5etw6/vshu0R7ZzuKO6070DvzPBY8OXxcvH/8ozzGfOn9DT0wvVQ9d72bfb794r4Gfio+Tj5x/pX+uf7d/wH/Jj9Kf26/kv+3P9t////2wCEAAIDAwMEAwQFBQQGBgYGBggIBwcICA0JCgkKCQ0TDA4MDA4MExEUEQ8RFBEeGBUVGB4jHRwdIyolJSo1MjVFRVwBAgMDAwQDBAUFBAYGBgYGCAgHBwgIDQkKCQoJDRMMDgwMDgwTERQRDxEUER4YFRUYHiMdHB0jKiUlKjUyNUVFXP/CABEIAaoCgAMBIgACEQEDEQH/xAAeAAAABgMBAQAAAAAAAAAAAAABAgMFBgcABAgJCv/aAAgBAQAAAADrs+KnMZUomNhzGwwmKBgSAxjAYoABAAmCXAFMMSBE+tqbCgYChgMQQARzMwC4ZLMNiuKHMfDHA5jCAiIYImJhTGEAwoELgBmAAJFIRJTW1jrlMbCCqXXJhjBh8AxTAOCZUp1RNgKCYxTiIgJsNmFARMGCAEAhRwMICRU001dTXVWKYBA4oNenu7ShhMCYAJVlVBNihgzDqAbDiYRKVYREQIYwkPgABUhwQxIiJSIkX0SYscuAYiKHD/Ay+wu5OLm57m04ba5fT1+KJxOUDCsXMVMI4AGMcQKA4JjYIEwhREhARRBIgKt5TmHFSppa6HlTSqscF0IfDsZAdb49YXYxhKUDGMJinUMOAGYcTgibAVLgiobCFECkLqJlTSMs2lWEpzJkRKw+Jiz/ALDImUmkiklkj797EclDJ4AHBQRBQTlwSlOc2kyx5gYGJmj0fYGPty6sAolIRPVSFABVacVUDCiOpq81eY0h9WuXzvccsCpY3vc/RWU+xUq2VcAdDRaGFhaWhmZmhkYmhlYGRhYGZuSMYSYmG4Xuj0qEhTYCRdVBINZQGEuxt7RNc5tDQ4B5Jvj1/wBOsY3xqFnvNc8Pb3QHqMr5LszAzNWigBzAJjgcwJqPL/KJNJpNJZI+Sa2LMf3LzLq/1czMHART10E9WJ25upkxVWNQB2zS0fI+sPXGwq4eFqKrODtDHTsj71652/CAVy45SOWyyQSSUSqUSuUSWVyx/wB5PXTKUVkGTNiP89c00t7GnDBKUiCKSMa5n9BOESszVYl5yGo5ftasA8iN/wBwZlEvMGRvXLl6+mfjpUkk9dZjt+Er17R23YEi3imbUjEIiO7pxOCQSDwaDwiGvdINME6Ksava5vvnT3DOUTkBEmvr6FX8T+v9Oyzy4uLvmLx+n7FdCcoed3R3rfv8LeeQz23rdvzyRj1/enLi4eEYe/8A0DrLQSMQKKx2NxCHw2LxGN5tTvmFHey2qm28t/ahEKkPqF5Ne92yBMwqCWqix83c0eydfaXPHZJK9oyrbRmkk8zubJf2/d/m1D7Jr6S9PN/F7J331m6vfhuy3xcdQJ1T0cTaj7ArMZdqcxaDW3J5sd9cldycBxZc3QNXwidep3jT72yMxEsQRR09WJ8fQP2E5/8AKOyb16Y8aN7dUindnGrD1j2BH/O+D+hnK8ntagaPR9c5k9O3lBz8+dY7LNQPT/aVFUOwdsd+xCOeIVTt+OLfeUj5h9BeOoco5IJIWf6f+Mnt1awFQT1tXV022uuN3T1n8/uOJ7ZjdAmxwl1KttZyf0+4WbK0e+hevIbxDWDNcXpW8vTpwHw3aH0SDH/CG2Parwk5kNMfoblJPF3p+Z+TKMDXcWT1G51ZpVyyybbhr+m3mB66dDimjraLdpa0Z5+oCBdhoc1xvpu3PMqJBttb9pzrIqyqWPZPWRuKq1Z+4OrXZ/cea/LVX3/ntgeLHNXtf5G0douHS3ox1j4KsHU0k5Yq60eeE+4Zpz7ZXOHovzXyRpegfCnpX14JdZuYGNp5Pqfl/by2HheWegnHXFEnXDUj2lau5Tzc4b9weq+95R1E1+rM6d3jeqPyZbPZ20kvO+meteMI0/bnqt2FoeR3A/YHNk4XkHNZpH6OebLld/oLyLx019n0l1n3ebX149D40z8TWinDuTrYh9/yjpWh+CAwibgmGzuMk2R9O7Dj/lE1Wj6Nvb2671QefVIehPpS5U94t+pfUPnU70f1v1Zoct+STh17TLbX7GGx6dccRl8jvTnJ0d6SWn3pGLezxKARbS4jL6XcO82R3V9BvShPyt5jhs4h+hsIEUW38t/pDsrljz6cOt+oXpydjVbytxteHv4563z6dKepfOfJPKkh6ijnQ3kFtbVpTmz7BV2Lf84G7sji3sHgpnuu24r6oFjUXhjZKZH5GEuSi66Akx6oCkaZwUj75dIoi82G2du8Ywnb9NZe4OO5uVpWXmzvfSA4B5KPdz8i0fYMIj8x9OobsaiFD9X1H50LegnmjYXYodLeUUGuPq7mb1tXByeUWuJcS83dZ8IQxEvX/crtxFxgTba9hTZXzG5wVW9MOCYKn6BXJtbLpvwVn8s9D236hDz+vnj7m2f+n3IXMDD3jwdKrpjdj3vRPnFZXZ3n1c3PvrRwLYnINvdm8O+5cS467g1wdmLXgkrglKVBL5/PN+ivNTAlfeFOUVASGXSVsztLguP7/YTRYlmPr9G2XhWlfSP1N0/OGyvMXp2H3tLPN2TXE919W0Tsp3ot6e7XsTlhluKgpPZdH+lfnB74+dtwdSLlehToHmvo15gzhenlV6mQHiqq2q5Ot3Kt4dz3WAQPV3Lv5wfO3+n+HeOZDJ/RCTMXOPHPQ/v21cxo8YxWc8qyyl7nlfUvm9ZlQR28IPXc5nXqd5I2zQAMe5P+1/NH3+8yu/rbbq6jLZII9Arfu+C6sv5kon0eb9HXTS4/81EBV7M7MpXz00iX16MIVj5+1U92V6RxuuvOdw+kt6b+SJX5f9BVNavHZ+9rY8guiKhq+QW12dT3EHu/HeDozJw2aw500veXhiyYrAozWNSWX6MytHdkLi5t/ln7HOyTFR8yHgfjhM+xJvR/kuzuh5jbsbqePt1r19I4k0+Yrb7odQLcyOvkTt966HmrKfTi/Pn4sWXvNc3pzHNrV68pulaXi2izJFN3paHLb4+ORmeFWhBtfU19XFJZ6xvtcUW11FV3olzX5tNpMn3uuO7ubJ9GIVbRfNvfsPjPDtLen3pobjdjiHI9vQK6aHtz1O+eSJSu3rEQRrOh2VMAJgGKp0B1jP3p/dXt9d3Lf29pUTic2Yc6VYtlpQeOKru0rxHRa2NmpqhYaXuSIxzmfkPqX3T12ThrsykeNe2PKNg9Qun+F9ikeW6qwDBmAUoGVBOUum364zfQZkFXB4eNsxMNg4bDGw4FKc2wLNCKzq2rKjZc2LO7qiESrnz8efpi2Wzy7nEatKyqsfq+4SfWCjNeY27UsKAMMviKSjojNokMy9B+k2WPxePV3ydJLLZJJbMOtd8MKh01kddvZ4/EoHXjBoC8dSxWe9LWTT8agbd5u6fvbfsf4y6gnCDBzVzRzBSgAAvjIgfZEEddUu5suDZM2nfZm/oP0osyLQ2quQK5aJUZh09rfl9hvCxHfaOkDaztrtMZbsdIWq3Br7FCxeFtHH1OdhdS9+VpzPzdzRVgELh0CH3FkdfV2yPy7XoEW1Zhv6WvuaO+1dqekc0Pmmxw1zqMKSdYlTzZM4CaQ3A21w7+jc4dW6FPaWiZU7ZQcRruOVXzE8K7cZzBEqRD76qKWi4aWwO1qa+6R9YNlvPuzAIyhutS0i9Bu+XQ2CHk7xkE+u7b5XaFbH6aYa8pdtur1kkSr/oJOjfmq/8ADsDi07lHlmQDCYhB2XEEmxB3aHsNTeaXTVIK2gshJ0nho0nPRKUuGsX0o69VUPV3h7G1kpg7QxqLPoW2CO4PXff9lhuYtpyqNcyz6wtmD+JcaR2X1tOCGlrGkrG+axk0GzY32zbTA6rbvuj1Fny0bGnFac7teGHL99Ob5ObiXy8bNPDA9zaGxBE27uFW6u70c3CzXHbjeRnXaY9pcQcXmM+a7OnuvurrkeG5vV1NlPSkkf3tJay6ufzp2dbk0kk7yro1Q9SGOY+12DN7u6f8q+Z1ovqBjtN6wazY7qr6Ns+v1mVU3lsXZSbtHU0OLfPvVBR5apvFJHHttm2Qb3xJpeWXDBJm9vVIgv0HfzTeuuxS7mx8inMDIpom1Ezzf0v4GgiGriz46bUKZdPZ2t6bV2/+tfVB2ilWHpsNflmmbu8sKumkPekFW91jJZEwripqpiOFccUb0ROLnY/Suk92xz8SFV1XViVxrvTVoEGS+u/lczONwsrO5vDvzK0H2tx9hk9ZfTLvM2JbWvxjIbbYuMvP1R8T1Ca7c7G0tnSdmHDE2d3eZgFbWRIs7C49KvcYrSrSX12Nd/htIZY+aMFkzR7V8lcxVTMl9OfWrPak5MZdnHK1mOPs3avqPu5DeUev3CHtFW+Vde7cqjjam+sBwkUcFTYMsgktqgJ9hLS2HUiC81g5bh7X6sl0C8HEB2HVawaw+gGUeLHPV6RMqtsWJzDFm6Z2hLLkdud+dG2/PYCS8j9fbKMEY4lwxxCrvG3I/lizzn9Uu7s6KQ4UUU1B2dlBDbeNnWd+gOqrzma7XUnjDqAmc8lcvoN26H8WbtYcUkdlwSkGrLQn1kv7hTNQVzYfsLaS5gjkKZqm8vK/X3G1xW0d5iS2n1uKQgkEgLrbCSbk6Sa5+jbnsCRbKPAdeR2pa9aHmQaTVf3tSsr50822DFq92n5vqrRRcXaTvp3vcS3+/ehlMNrV8zRviPgzclMYRQLhRFz39FNJVRHNjYSVUmXSHW11PG4KYpafiL1XSe3Smow3xT73679EbK7f51U+5y2Yz6eyt433Tf2VVjmAhXFXBGKw/RpvywhJksxPAMQHPaBHFgSDac7k696rmjpvbAp6DQz1/wCV19chdp8TRKTDtdH+sLlsLK5mDhQAhQEClEgkTdT4fNGvdKP+evHqCZCCQuAU0l1BxIjhMepuxrndt3a2VDGOOa0X4ilk2tiPUPT2rdfWjxsLGUOOBmAQhCgBShiYpvImNicLjejUPldBkSgQqYiU+zvgfcujszq+WOe2uoYxxHBACpgUhE0wMdU5jHwwlwSgBUU0yZhSlTezGEMa4DpNHn/w8iJSYURNtbmzJuo+zrzddzZWUOOCJhEQIAYJCgICJjCIiIAGABgIRBECpkID3hswxIVHNDirhCGFEMUV3F5lM+yet5nv7uwoqJhNmCOZmBmZmBgZhxzDCOFwoCGBmESRSTTIDuc2YJI3xF5iIN+gfM2HjZeeouw79ddzYWUOcwmOYQA2BhhKIlwMDMOYQMIABQwRAQKIIpJJJJuZzAXUhHn55+6Cs2gSO45OFk9m9eTPe21ljmERMYw4fMMUS4JsEAHMwcEBEQTAcw2BmFNgETRQQ2jFauZ6gSlL9S1hzTzsoCb9N9jdBue7sLHMpgmETCYBE+ZmYGCJgKXMNmFDDmLgmA4ENhcHBKUqWvwOmLp0jYOyohCGBmrAt8TDc211TGwRNgmPmGKfDCcQKA4JiplADYBTYJxMImMJAwMzMAoEQrmSuKyh1MwSpoIic58ETYOCImHMwVMw45gABTHwhQwBAAETGOYTHEClDMwuAVJFBQRMJimDAwgBggGYAibDCOCJhPhsEMwoGPgJjgFw4BgmExhMcSgUMwpSETR11TmMGDhhAgYGABQAcw5gMbBOIiI4IGABUMQhcETYJRwcHDCYTCTC4XCpopJ6ii5jgAmwMwhBwogXMzBUExsPhhzBzBA4HMYhSYInwQwDAJwMOCYgCBcKnrok/8QAGwEAAgMBAQEAAAAAAAAAAAAAAAECBAUDBgf/2gAIAQIQAAAApjmBNgAQRGIEYwiwCImky2ExjkwCMQggjCKhJMhJxjFN3gHJjkNRQlFKKgjhKSXHTdiJ05498JuTm25MYc6cVFLlDjOaS0PM396XIwvXOUnNycpzlLrRVPGSRzp6kJGYrXDN9BapaGZme22OEi7cuXbvnPPQ7ytWvPecQRr87NPt3zltZfP0qx9jzPL2nrjb2qdTNx8daefBbMKnlEoc6lzrqVOsuXTC0umbdveKt+p3bmjPzOxWuWc7Nvb+X53QflIQquzoVruRpLpzNCn4D2XHztnd9D69Wd5+By9koUdnpk2+Hma9SlfpelscOV8HDn5v5/8AXfNUu2r6nX2efre2X4vlZr3eTnwr+XzuKtz2u/mz0RDm58fOb3iJT0/V63qfQ07HHy3ofOc5Z1tPP87kRvohw5cPTQ8/rXSVWGPo41j0G5r+56Z2j4bb8ro0e9yhXPMea58jndctblX5+ksZ1PvjcNrhT1PRafrLiyKEbNKjw58owy/MWLNrv2b5c6nbnpOrW451O1a7et1Nqx05Z0sDggAjy8hgq56EDlNxhEc6diXCPstm9Qr8IITAHCLqZfDQITrU6PGN6xPD7nC/239uuAhg0xRTS4cHDQpZ+7j2dKr47XIOhLQ9JFkkAAPpo6lyr5eucIcbXZZ+o4Rya/HvbrV/SzEwAAa9Fv5tut4+E1wqd6l/N1n341K1TUr5GprDAAADnqannaRa5xsZpLvgaN3H4+jhSsGVV9RJoaYAg45PC5O/1I1uGLodO1nHytHf5o4ZOnqsBDQmcq/GvrbflNWPLnFdCMUhRsBmVvSyYERpQFFLr3odZcgACMSMbA62dsXQU4KMRjjGQxRgDi3EFGPUOFs7pJxSYyMHKRym4IQdCKiCIqtmbV1ppDaFCUhpKCckSCEQjNDlKEpApAQcXJgwUBKT5gIAAJSlJQHBALoSbAjzJnNNH//EABwBAAEFAQEBAAAAAAAAAAAAAAABAgMEBQYHCP/aAAgBAxAAAAC2IxgDWgOFUV6qOVz0BFeKqqiVAjRoCNRXKA6RQc5ZEAeKsjgjoiCMagIiqCkjwV7lkGuJ6aVXrBNq5gI1GMY1ERBCa64crpHzxsV0tTqs/m2Trs8Y1EY1qI1rGpFbuS6zlFfbzJGpqPhs6nM1dHN1NDhMidErVatavubToxmD0vSg5ZrFXRr1NJ2Vru5WTcxOlk4TjbdDDuT6G9cbp5Us2YJ1avc65XhyrKRzt6PJj2M/M7anyGLUjh3st+9JzfRy8LtdlytfppX2G1atmhvQurRrj6PqfAHR0+e57nJa2SzrNLbxoLubb9D83j6Sxav4eBZdNNTEWSTs/W/n3pLcOLymZnLzqX+n0IdPnpOo7LyqTe0p1pUcxvTHPJPKyKbqsHt424vJZfP4txkvQydrq8ok23W5ja2ikrZJp5+Zk6DKpyQ259fK3aPO4ebybNCt1EWsdhwlDUE6PprNhj6DW5MlmXm62ldh2bGJYnzOao83A7Ws2HdBWoOtMdr9ZVq1a8KJJLajdnJZtT6ejFjx8bnZUbJdCPWsoiORXz9jvPr8yiEzEke9UZr0qyycVjULs88iqoAhKpc1bOcSNs6GjZShUZ1lSG1gM5zEkUVw1AQFe+OR80rZqNvc5jo8rMs+i84TEjc3mnDWgoAJD5x5hx/R/Su8SOs14V1sFsr9m5aqZdmxzDQEBBQaeD+F97y/RfWVmNbF2HRy9PFSNL1zQxZtfLxxBUFQALHn/nHsvTLUmdBovfS6jJp7UvIu06hrWeWYKiKCCqE2tPiYe5WdJPZ7HLo1oOiu5fKzBPr5mW1BHoA5pLYnsecea/ReU6WRZY2PVRz1qBqWecjRoPc0dIOUWhS6CFsgACvFkdUCxo5NAHtFkcADmgKrgRQBXKsQT1XVnK0kcAg5RqD2jlRQQFFcCrZ08agPAABVGgKqqICKKA5oCIqIIqKiqKiAgCuFEFAAAARGg4FUAaqIgCuVqqAf/8QANBAAAgEEAQIEBQMEAgMBAQAAAQIDAAQFERITIQYQFDEVICIyQSMwQiQzUFEWNCVAYGGA/9oACAEBAAEIAv8AKH/5A/ub/wDhD+4zKBs9SOuS/wDwR/b3XiKbUUUdc66tdavUNXqJaF1PQvbqviF5XxO9r4tf0Mvf18YyFfGsjXxzI7FIW4jf+UP7mZm6mQalUEbPTWu3lyrlXIVsVsfJGO9YuDrX6UP8Dv8A9Q/tyOEjZqdy7s1P2Rait5JEprJ1oW7kdvTy10JqMM4rpyVxeu/mnZd1gINQSSH5d/tb+Xfn38i6Cjc249zkLEe5y+NFHOYwUfEGNFHxJY0fE1t+D4nX8HxPJ+P+TXVY3IJeQ8h+8PI+/wC1us3NwsSKA2RXEyTqohxXBD05bNN8WFqiJUtsPcCMbpn/AEuFPAeX08eP3QxCQ7F025Tr80QfpAtohDbxx+W63Xeu/lzWjNEKN3aj3OSsBRzGOFfHMbR8QY6j4isvwfElvR8Sr+D4mf8AB8SXNHxHfUfEGRo5zJ02XyX5ORvjRurk+5kkPv8As8GNFWX38MN+tcL+/ut1y71ut1v5j5Z+TcsaUh1WJsZZ5+YRdAbaON2+qTGDuBHaT7091cBJWWlkjRQGSSAruiF0DVw6pC1b70g71ioetfpW/I5rJGjlcgaN/emjc3B9+pIa2f2dVqteXatbrpTPQsrw+y4nJGhgsoaHh3Imh4Zu/wAjwu/5HhiL8jw3aflcBjhUGFxgFQY6yXelt4lJ0I/qrxVFxmt2rw42sgR+80lLGuhXTSujHXRjrox10UrpJU6qiboHzNCr+bq3MjeWFh6dklXS9T7fUvCujJk0VdgZR2QVdqD7ra2svtPYyx+0cV524Xkk4HTek7KTWBh1A8nz9qCk+y2ty3suLyLey4LLNQ8OZah4XyR918KXf5Xwk35HhOH8r4WsPyPDeLFLgcSKXE41fYWdqPYRqPbRria4VwrhXEVpa4itAU00K+8V7aE6Hr7QTFK+JWnUIq48R2Mcu1zl16uzs56wjaycH7rtoUbn+oUUKnvsz6mQRi8z9S5TMxfembyhcLTZHNLWLvJ7mNzLkTqCo2oHzvJelaytTe9RIXcAW6BYlC70KMsB3vIS2DyyFMYymEirnHTSgyx6ZTVjfSI/FvSpx3WSkM17M3lo6UC3iEUEafJCUEqcpcVjIoQyJj7EBSq28Q9gDX1V9VEAipEDAigmgBWhX019NfTW61RIHu13ar7tl8Yvu3iDEim8T40ezeK7b+LeLG/i3im9PsfEeUb29V4jcV6vISycTNHKF5MoUht4Vrdbo9W5vIIb9ZEuslFLJupbgSLoXdtPDg4Vlxzcb63P7hNXL6Wo2LXsXkE+s0orJwXAvTWNsrtrxXnde1WK6EtZY/0wqE9qHnnZdRRx+WGiD30e0buRTGs3OiRmIUGYHsk89R5W6VdGC4sJ9dS+l6Nu0o/hvyxMPVvE35Dzxt0XxdvIN9qfq8fpPLjQnVY16jZPHqPqbOYlaPiTEj2Piay/i3ic/wAW8TXv4bxFljTZvMGmyGUb3Z7lvu6O/f0610gK5WnQQDyVHc6V0dDpocZcS2UlypZ+20jLBq4Lz1U1tYxnivQQLsDp9UGiQHpj7Vmx1MQWqI8ZUP7jGr6XtVj9WQh82niT7rieKe4iES01R3EEYfnlb+yaJQIr+xFJfWZ9lkRvtArMy8rx6FQMQ5aoCJ7Xta31yo/XvLh555JCO/arGwa6ZwGR4pSrFdGsXbwysVbOcYY4oFk99eWEi4ws9boeU0ZjmdPK1y2Qt4enFFc5q5XYaTIvP0qNhkCCWi49Rdi0t+O6EduD3HpR7ySwb+nrxUCW+1bLIP8AauGy7VeYzI2lsZpPVTV6iai8nyKCWAq/68FsgT1TfRywDdawyMdRQhyoO+5oGgSG3SXasAKuU6UzAd6jKa00w6uB8oTyhjP7RNSN2q+esT3yUPle3HRtXeubu3fHzSRSMVhvbl7yRqGQ/ppHM0xlkZ2jnVB29ZJXqVP3lkDbTBXrkTK878nJpASdCyt+g/GdrLDcOdXTWnpBBHcCIH6KxE0SY4kETXU7y0/1++M6kUjMt/c+ov3evcmlBLaq3iEUKJ5ChWZj43pPlFG8j8VtLXNRLpGweXmbZuPD99DA8rvblIVkrC2K5AzdRfDONHvk7fD2LoitmLVBqL4/kB9uEzktzJ0ZhUsRZtjKW/qMdPHUuLvUNPG6HTeSJyoa33xfR9Tze/yMtwGUV4Tb+rnSrjlHcyih7+TP2rmaZmZt133UHSjAZ8e4mw41WOblY25+fdbrdE1M3ars7NYQf+Sjo+xrM9SThGiRMsvEwH7qtOKJK5M7LYzOIrvFOP1o0xL8uUdnjHCVLjcUkPOpo8cFThDMIo7jhVrJ07iNqkzNi8XF7q923Fb2+WbgADUahnG7qyt4ytYqa3htNC/+HyrtLhSm9DtHX4rFQ87taFCh5Z6PccT+WOn6F9byUxUa8p4hLC6HR9PPEfDU/DJqPLN3InyEzDytZninjdYbiGZFZaXuGFHNXaOUrHyR3kW57rEWUynTR9C7ArghM5BpSwPYgp28sBGokiYZewl+JXRGOVPUpWVtkFwhM3T5fTquftS8WY8nGtVgZdYqWpO0jVhG3jIPm3W635SSKqkmW9tjV1InHdWl/Lbz9RYfEnY9Wwfr3xkqdj15WpJGBrHdVpVU+II19KoRoJl+412pgmhquDKo3Vqv1Fix2ac+Wm1uiVQiry6520EdY/HAWY5yYuUI3G+MgIQyfgU3vWGh1Cz0KFDyyMfUspR5xS+ow8ctWk3UTvWTjFvl5hVrKYLuJqus5joH4G7SJT9J8kDE9jFay96wlleQqTIp+us1B0spdCrO6KMFa6lubXUkMl/jriy5tBcw8naPvcXAFWcIW1uZ6J2fLCXIV468RyyxZDtjwwkic58N+lVkE6m29FdSSAi5x1uHvKLrrtzavDrE2t4tXI1cSV4dbdgR8pomiaZ9AmrvKyBgqSy5CWFg2u9Fm0BQoY6+ag2RsV3Sq0qki1iIkU1DMe1Z+6aWKIUk0qfb664r1sletavWTfhpHfu1QSxiLiZGtuH0HufLk2qXuwq2gM01R3MTIEcRW6na5CYTX8hr3YmgCzVBGI4kSh5Dy2KlThK6+XhaUSY14j0+A41pwe2cFwz83tmtlutyquNij5QTxP1DtIeXstsSewg/TZn8OAeln4r7V/MV4ri45BH8rK4M9u0JmgkhfTWN8LSV2Foto8o6tzZQRD9LyhkKODXibplbWStt+BLPxNWI9LOJJbO93GCcq/Umfh+K2QNV4af+onSsvGI8hKB4ab9GcfKxpmrlTn6TTRRyTM7RwrGAV4Rb5VfQwNH2CEtodAr/AHZEU/bZxyC2JqIOFFWfLqpvxK4V4oh+wDX8WPkyhkGoEJq0shDEFoRVdtHBCzV7A17JWMh6l0tChQoVujWXj43hPl4Tn43ssdTp+oaW0j7E5226mLlAlH6KNXhWctZSR1eWscn1GwxqG5OruxhtGHCFf1Q7te+hitpUfJW0Sc3iydnPJxi8XRbt7aTyjkZHDC2urW6QRT3mPkhk0t1Yz28cLS8Tw5eYrJL18BZPXo7towFW3IlKSFLAUt5NFzWGK3WHGys5deHGumK8PdsiK8Qrq/3Xhlv1bgeZotTNTtRauW6jWP1hDQTut33Sxt+fIG2nt5bhmSUxqeI/Pl4dyDBvTtXavEqEXcbUqQEeUUCOBsr3PzjQruxq6TplEqwzMaoFmhu4Jf7eduPpWOn967Vh4dQs9ChQ82rMx7ijfyxM/QyNs9TL3FJ9tSIHRlLR8RcxHwpNxvXjqe5hGkPGG3cTtfX0UknaS4Z30t5O/QSKsXfO9i8VR5Jonk43hN14XD+WqULqk+JOgRBhczNrcfhS/b7h4XtY/wC96LwvD9wyeBhOoXuxe4aZ0eS0P3W/pTcLTYv9Fi1hEZbpTWSs1FjJw6XEA1yrEyFclb14lX9aA14cbV8w8t0zUzUzGvTzv7Ljm/kLa0j971l9ZNxF1JvdWWXeEMGnnLsaPv52ola4QR+nzgrhnqyPreaeo+UCiPlQVvYO24fjBFY7aaSSWbquzUO7Ud+1W8fTiRfLdDzNX0fO0lHnazCeyhkrvXN6v7eWS4luoMJZiGMXb3t7NYnkbm7lTvRd5feyt5OqNXSP6hwU2dgFSsgSsCPU4aWIr4axsQ/W6HhWGvj2Dh7RDxNPLKI4bjxDkjIVUY65lh1LkMFClszIh70HdJAy4NjJjchHX43VnbtM9ZfK8erAuJg6cJkMUvWgIqRnUsjfmsbr1KsfE6/TCawjcclFXKuLmvTsT3FtEPfSD2LGuPKmt42FXeF6ZkmW0j6znktvZhdVeR8LhgCPz54e103WYOK5CvEJHO3o6712pgnEarVdq21c/wDf6ddP/RXVLXegCx0LK+nij4NeM5lfae1fzrHXnWj4t5brfk3lKnCV18vC83UxfDz6rQ5cwVki8cCGOC9j4tBcXdv6WbhWPDWjLJIkNvx2uYt05RMpZbS+jC3yH1PJPCk68Jo6vY+lkLhDYQJxLu9zjunoR3ZZawmNtOKztkLq64f011kudmoaFGeTQ9LF/Lw8saXMsYntZUdqsIuEUzH3XvBJCtjyFhkjC2nu4EuU6yFHVjyxrhbtN+Ivqs1NYsgZC22OIq7vY7aEyPH4guLiXhDCXIHJ/uoUvvWm2aYVa2MEAYq3p293x2PlPebD4nkVpsBCd8LXw7DzHO7WCyYcoDDMnKNkIq/6T20gfzt4GmlVA2GsigAlwMo+yWwu4vfv578u9WXIzilu7BbaVWmk5ey+1J7E1iECxySEZpeZ5HKWfDlSSh0DKHoNTe/llU43ZPl4Rn1czxU3vRrxInCS3mFxLdz4qJ4rp3Lkmyie7x/SNxYNaychj7wRQoau7y3kjMlIVkmLvey9Q/p+GpSmURa8RQ8csTUFz9MhF2/U70JyBqrbI9JOmz5a7lQx0TKV1UUqRCvW3BB1gbhxloeWXacT3Mam8k4cCUk4K5S7UYqSKiO1W11LC3a9u4p1jIUgOKymnxO6t243ER8vEkxPRjrFw9O1i1A290/3UBQoqd0RWQv4rSMcz4ihrH3dveRlheQ9latUoKsCJo47m30Y3fF5Egp05EDC5sYpVIM3h0/wbB3wr4NfVZYiWOQOyxNUjxwxl3GXxtS3mFl+6WLBN9qWaSTcYZrOeL+5xWihqJkVvqa4/pyvlonio+BpxFQWkSWyx1mrCG3Ebx0s0yjQt7uSKVWpZVKAq3ajWYj3FG/lhZ+jlLZqbyzsHUx71irmOSx0ZLR5Z3CY66mtr0QVc6aZUMDGGVeWQVIgyxxdjuuq3SYN4fAGR3XiyIf00tQaLEUbaT7aniaKQo2xyq0uZDKFq85iTvXppkAaS2iktryzdsuha3nUW1hc3DgDM6iNtCo71tfy3/5FGZDqo8ZfM3abaYnpyg9xSnaKa8Qf9mOrdOMUYqIVKyKe7X0Q+03U7e3Uf8rNMKvYI76IRmPw1bhNNY4iG0dmQxhgQfSx16YVBHw7Vncd1oeS+Hr8h/TPRWuFcK4UVrPO3pQta8tGuLVj85NCAk5tcZeR8xL4diP9pgY5mFMQzbo8e1YmHqXqmuWqN3GPe7nsZ4ijz20KLtaEMtWsWQ5gRtRq8j52ko8lJB2IpetbRSCpEDoynGR9C4KVkfVJbnpSQvZSxSNJ6S3tXIhteriY6x1ml1ZzRPw47rpbFeH7H+lupK8QQk4WPY5I4NRldNKbjjz5eSRyfcGs7u7m5RWlpa2CfVlL+YI8ac22DUrBkieuVZgGe7RY48HkXFfBrSL/ALAfw/F2U5jpIehPkshKv1k8verNg9pAa8QrxmheovEFjrvJm4Go5a0Hsc0v8ZsrdyUZHNWuRngYVaXltNpkfIQ77i/goX0VC+WherXrY6fIQ675DoRXqyQRnkinz6sVR5VGmZSL+2f7AYLlWFZLCtFt4iK2a3RIHtbXc9u/KOxzEVwvEpjCxasZjCl7t5sLYS1ZYyC2DcOkKks4np8PAaOGt6XB2u6WzhiFXGSghH0MKavzqpU4SOvl4am6uJQebcUv9VkbyOHQq+fqSNI9vq66ata20zWnTDXdtj0NTXJeZ3q2tbm42wx0ipibYJkI+pjbhQ3I9zFKOmCYzZ63K91ZIv6VrOFlSrrNNJsEz8qWwyFzrgnhu71uU5HGQQRRvJ4itV/tS+Isg32yX08qv1I5ygfUk0rtttn5McD0IiLu39RHxb4M2+wwL0PD5r/jr/j/AI5NT+Hp1Umhhbo+0WBvVSTX/HMhX/HchX/H8jXwHJV8CydfA8nXwHJ1F4dviw5Rx8VArVXaydFuPUB9+dz3MbYrI82mr9eOQOtkZZbVTJk8KH28UisjabzsUMl5CoKI/usSL7ca1Wq1RZBTXCCpbuT8TOxUlpFZz2NSeWVTjdk+XhCf9S5io9j5Zq0kd4ZESA3bI1XmGVk7LbSWs+3uLi46e5bTFz30ysZ8dgoZURru6MjdM43l6iHoAA8lqeAJLIlL2qOGabskWAyslfAbeH/scvDMHsfEEcf/AF5c7lJaklkc/X+yBVrkWgjVagyCTD6RMtCaM0GFA0CaEjUJXrrV1Vrmlckr6a+mtCtVqtfLqpsdbSHdC2uUGk41LZ20v3/DbKvh9nXorOlgtlOx9NchXMV1DRdqLGmOqmvYEqTIA+xn5Vzo01GsxHuKJ/Lw/P0crb1IuzQSp0JjNep9Hl1Us5+nhe5i2t5OmrRXORvE1cH0GNIjM/qGPUgH6buYb4i7tLcLKOZ3d22AF1LLMJsTDEZIJvFF73Ec+Sv5vv8A3x7U0cqBXoXdzzBqGC3kQOogiFGJPwVIrkwrriuvHQkjrY+XZrk1cmrm9dR66j11HrqPXUeub1yavqrvWq1WvJnQe739ovu+Zsh7SZ4fwky923s9xM/3eW6gs7mX7TRo1epztJR5RuUdWCuJIkcU+tGr7HzT6Akyc0cqRRWFllrTqOPj/T+m6jvIbyNkr/j5HLhZ+Hba3bkcvYQwWr3EF81uSpR71Ph4tj8SYQ9MMdknyt7dpn0Ph0ac+pddHqkRfJo1xr6a35cTrdRojH6vtemfrlBR2uxRK/i2u7i2flHZ52CbSylqJomjTVN9hou4bst1dj2jyN4q7LZ69B7RZ2+Y6pspkI0DOviTv3TNRt7fFlr4xFXxiCvjFvXxi3r4zBXxiKvi618Xo5eSjlrmjlL0019emnluH92jc1wI8443kbSrhH4d2w13rawYEn+5Di7SL240abVPQG+1SJwkZfLw9P1cTDTFvx0z/K7ws73TPFj8bFaQgCSCJ/uWC3X7ZshaQ/3J/E+OT7Z/Fdwf7dzlshcKVk+VJpUUhSd+9d6419Ncq5HyA2deTcP49R9aqUQALwDkAiorV5UZlhaJZR1GRZHAhD8dgnVWOXurXtVnfY+9H0m0iNNj/wDTY+f8T2F5xNSWd2h+p2cUsbv7hIg3ENY3/OjHeMKAcD6ukjfastzHS3w/mkkL+3CuFdOunXGuNca41qm8hDM3suNvWpcFcn7jg4QdG0x8MK0yJ2opIKI/3r/X10aamoGsonG7J8sRmZrKCZFur3MW0lo8xeQSd58xjofvn8V2Y/tz+Kr9vsnyV/N9/wAvbz71wNaWtiuR8lUsdAgg92EHHsJJEGqkjdNchsHdE0R28nm5iprWSEKSJI+nxpRMv1qmpZv1JECNpYuhs9T2OxYeI5o9LPbXcFwnKLfmVBo28B9/hlhz5U1jbMhWvgeNTWmxljqhgMcr7o4nHVJi8YPd7DFCh6OL2S9sR7yZAFtIJbsjawX69+sJLZlLCW5toqbL24qDM2XIdSCKxkjV4xHGPandEHfcstR9JOy7Rj2UbJ4gEbNc9DVNxGgeK70rU7U71zrJjlFG3lHIUO6aaQ1Lc3Ev3/saNdM1xUVyWuZ8gjkEim4b+nkeOqZGXVAgHy2eOqU6NK6LJumUg0YyEVvIV7HvMbZgOnAbnvHGV7kHeqkaIheP1VqoppYnDR2HiQHS3MciOgZfl8RLceqBat1FcolR3MEhXUuN6q8lkjdGKtqt1b3AVu4UbEscotADJD66EgbcoXOgRWOyc9pJ9FtkrSdRozOx1GINfU3WosOO5CqcNnX0arY0FH3HVLonSBFTvTPTPXCRj2jxl09XOI1ZTfsbrvQU1xUe/JBXUNbJ8kidvanMZ1xjAJ1TKysQwdeOm7bp+O9KHYKwpRtgK9tig34Ncjx15f3CiqyMh0YoWkfirrw1WzTySvrkE/PzWl9c2rbisPEFtPpZfkv7NLmBkNxBJDKyN5xXc8f2yXSzb58Bx2KINWknTlVjKwaVz8m6BNY/Oz244SLk7cha5k+wZdhVPHqd9pz2frOy6Jy70dgduoN/UMex947GBaCqPYuq+7XEftVxH055E8xr89hujtqCDW6+gVzok+YhJTlSkBhuR429irKNjfTZSsjhm3QCcW3RJOqCqUY+TNy1Q0SPLda7EilBZgKaPiFNLMoQCu5qONmP0pj5T96WtslBtVPZxyd1kjeNtN8tjl7u07Cxy9pd9l887juqnVVo64nW/lQt7UF7/qSDvR8x8mKy4hXozR2drIgktd5KIHcN7a741rS7pItd6Zn/AB1dboMVj3LyrnRZzRWuNZmwlLmdNefNR7dRz5qNsBU8QjfVRStGTox/pq1BCUZq6oMHEqRrgTv2pJHRtqBsgVIvFiKVuJ35JGjIxNFt+9HY940sTAS1LyL8kIT872dKlhM33pZW61vQ7Q2l1P8AY2Ptov76WdhMeMVxBLbylHYJIumnsXXuny6I1UXiS6RFWk8Ut/KHxFj5PuSSOVNpmcf6eXksbaPZwnKmQqe/mrSe1OR0gK1v5tVog1YZG4s5OSWGSt7xNpJHHIunONVe8JkykX3Lk4PtoycUBosqLtzDRhNdNq402gNnKXdvLCYoyCDr5Dw4DymE5ijdwjEMaDRm3KlNb1TdWJpEpTpgaduTk06Op01SNGx+mOKSRuKVFJwJPyxTSRb4vIzsWat6osT70Ktr3+Mmu1EVaZRo16Ut1iwU6ttiFtzcjqZyO59QHcUDU9pHL3qWJo3KtvyJr8fJbXU8EnKOzyUGSia3nurSS2mdGZq9615bFRqfetf7EakdpYivmPIGp41AU0v/AOxyTQSh0xOYS8HBvKSKOQac4tFO4GOQj/ueRq+ySQt00WynuTyuRaQLEUq7t2jYg1yZYB5SIOzBF5dhzZUdKUqGG5njZvo8pRD9PCiSfdeOxt+PJuPzBGrQr6aI+a3u3h7UsiSLyUire6nt5OUc2Zum2I2Z3O22AO73sS+0l7O1dzUFlLJ3CmiKjQNvZ4/IjsjBlvbYZCwilV1IrR3Tn7at7S3uG0rW0UJ+oyhidBARSRMDUsDyDVSRshrdbrdcqMgMQHke4FbZGDLis+snGK4+UkAVPkJ7uQw2dti4bcVqmFZWAfdRBViD/uoYHlJ1ND021SO6Ha/XJLToyOVNSSNI/IxR83C0RxJFI7IwZWOyTUsrSEE/Jo0Atcv9fIR80crxttYblJa1TzRJ7yXx/i0jue6ozGrfE3EtW2EiT7poFjtJtUjLv6kcBHVY5OPapOm1dI0LccuIlHFtVhV/8Ta1nrDpN6lOKBFkqQ/Was55UmXi5+sk9qiYbpNb1UahWq79HJyCvHxrVcGrg9CJqisyy9ulIjcSymtVis60Oop1dWUMvldXlvbR85ON7lD9UFvFDGERx5GriJXjZTdoQ/cV2qKNGG6kChyFPlGYtPz8t1JDLHx5eXatNqtLW/2SPIfIoY+zSylfq3/pUJPaHGzv72dj0qj7VyWr919Dc1rzBrqPRlc1FeSImqdgSdWKdOzt1qWNZEZWvrOS1kkh8rKHa8hJpWArVDYqN+1B11VwVWXY5cvcVHIB2PFW0aiWLXExxqtSwJKtS2TENTAg99VjMrNZtqoJ4p4lkjqzxkkknqLzXkaYUacVlbcffWtHyRSzhVkRkdkPJTHpvKyitpJuM1/8K6cfpiNV9Irux0CqA1y0O37YojzETfnUa0ZCe1JbTyGoMOT90GNRaS3AoKPI1kQTYXGj8uqjRP5wxcpY1r28snY+oh7TRlXNWL/SENzbsNtSI7Rrrj3pe1KF1VzDtdhUbfAjatTKferbfHuUqCX6dN1XQ05L6qa3H5e119rLqrHIXFnJySyvI7q3WVfkceTCp4VeNlq7iKvugfLgSCQajfgd10zrlQ47FGTvsEk+SsVII4/Ty/aA8gK7V3NcBW9eyW1zJ7QYWQ/dDiYkpLRRSxAVryY6Umn8ROR9L5u9b2S+uWmjLX1mIJphUUXIivzUUUknLj6K7qS3njALisREZMjAPkz+O95lseKMnMW8K3Miyem4BwHkXsQsq/n1MQHc5CKmnUtsPJzO6DtQaX8Brr8K+Q/AkytBMuaEOaNeizJo4jLv7r4fyR98ZYekg4/KaYeTLWUtfq3XtQpp5igQnVbIHzo2qK6+UjRrXlqvauVaZj3AG6SGaVvpt8HM3d7fE20dLboPbpVwrjWvPdMmmcVKYYp4oorxI4rqdUzJbqxvUDRiRWpreUd6VuJr1kVPIztS283asVjls4e/m8auNG78OzrIWt/hGYLbK+H8lvdL4auT9y+F4/5J4cshS4SxFDGWYr0NtXpIKFvHXSSumtcBXEVoVqtfsSDyIq8h6kEi1dJ9QetftqR7eR+XYr6jXCgKgxl3NVtgol++O2jQaAWtVry1XGilFTRqUkVL/wBmeviMCRqR+Ka2FxaJu4s5oD3VmX29VPXqWr1M1YWyknuVlYf+8wph5MKv7bTlf3R3Xy1Xat/64muIqKCaQ6W2wErd5LfF20PsIwK41qtfsEA09ujCpfDsr3EjUnhyD+a4DGiltIlQKrWERqbw5ZSHs3hU/wAR4Wf82/hyyjO3WNVUAa/9+QeRq7tlmj4m6QiQk/tiuVHk1caCmrfGXU2tW2BiX+5FbxxjSgVqtf8AparVarVa/wAAwojyIrK2h6zftgVwNACkhlkOltsDO/eS2xVrDQQVqtVr/MuPJmVRtshl7BlaIXBVm5j5wprQqWMIVC2+Nup/a2wEY/uQ20US6XjWv86+qyGbgg6iRvLJIxZyfp+YCun/AL+kVHFJKdC2wM7/AH22ItYe9BBWq1Wv84WAppN1mspPFJ0Y3LlizVwc0lpMUNa8gpNcVFcvwLfG3c/22vh+Je8kNrDENIBWq1/nZJY4xtp/EOOj7Kcnlrj+z8OzU/8Aeh8PW6fdcYxjx0+L5H6ocfBHTxpqsnahJSygGlhkc6q1wdw+i1thrSKggrVa/wA7/wAlr45kJP7XDxDcfdH4dgJ5Tw2NrCPo41qtUV3TwV02poHapcVLJUWEiX3itYYh9PGtVr/Pi0gFCNRWq1+zqtVqtf8A8Y//xABCEAABAgMECAMGBAQFBAMAAAABAAIDESEQEjFBBCAiUWFxgZFCUqETMDKCkrEjYsHRBUBgckNQU6LhM3Cy8YCD8P/aAAgBAQAJPwL/ALwGSe3uiP6O8RmhYSnO7qI/uoz+60iJ3WkP7rSX91pDlpH2Ub0CiD6Qi0/Ksf6BwYJaoQ9xg3aPT+gchNZmdhTgja1NTSmnU8ZkOQ/mnDuozPqWkw+60lqjeic8/KmRD0UB/otG/wBy0dvdQYfqhIijh/OeMyszMkcW4FTBTqJshlZhaNTwt1yO6e3uo8P6lpLO60gKKfpReflTInZQX+i0Y/UtHH1KDDTIfZOZ9Kjei0h60mJ3UZ/1J7u9g9w09kCF5Qf5zwifewyDc0ZFVRXwhBycojUKFC3Bm0elsf0WkvWkP7qM/wCpPd3R96bGPPylaPE+laM9QJc3L2Y+ZRYY7rSR0atId2USIU1x+ZaM086rRof0qE36Qgs2kLOGf5AIIIIIa+ZsbjVXgQmzUQt5qSu9U/aQog5Y2+My6DXIQPZQYh+QrRIv0rRH9ZKCBzcF7IfMo8IdytLHRi0p/wBIUSKeqa8/OtHB5laLD7KBD+lMHb3AQURg6hR2Hqoovbk404KG95FNwTZTLqLOY99vsYy6DRQoahwgoUOa0RndQwwtdJbxq7rMzJZCy6Rmr/5fKjUGq2mSxNm00rct8u1ma8I1BNt4THBaAyJXiVoMMTAyUCGOgTWopyKzFhRtCCMlHhj5gtLh91HnyaV7Q/KtHiHqAtFHVyhQh3Kcwcmp0T0C0p/V8gtIa7hfmUardRG9JQBOe8qAxsz4QmXXNi+hXnHvvONQl9aJhF2zzrzDVzM7DK7VAoJu07GwyTz3Vxw/M1AQn8MCn4Nos7MGbWs0uN0AgcKWCqoZKPCDpV2hJabC+pabPlMp8V3yrRo7vRaA7q5aJDHNxQgt6TWkgcmBabF6UWkRT8ymeqYgFsxB8RnQ2tJ5BNLTxRbcZOe+ice6B2RMreo5e8UOzIWOmM5CRQzTZVXlY5ZOHvvNa8BG8Z1lbEa3azK0hh2t6jhR2d04HkbPDS3SbsVvwzKYA1rfjWZsdKQohUGtjcsUcTO3xH7anhcRZGutnuGa01/eS0iI48XyQw8z0JiacxuNJJ5wyai/LhzRkOJT1DiO5NK0KN2ktFlzcEIcpgUM8UfRPKcdTNNuQ5eHfvRv+zdNocJhDGZlzCddx1GSrKc0bMV/ofazNo97vs6IrFOywyQqwVWJKhNnvshgq8E8kNbeE1mZrFQ+c1sg8VEo+s+ARMrIoYQ4l0wmUnWQpZIozAoOlma8I1PGAbGlxOQWiROeGKgNZTzhGHJvGadOZktIiAskacUYrub1o0NziJn2jnYL+HaOD5i1eyb/AGwwFK8RskUslgsS2nMKGappHO0gHjZhDYXdkTd3WeKH9li15rq4mzP4Vue2zyD3u42dliFvs8wUCR3o3a02ioxF5xHxCgWkONcAQjEmcZkIfELt6wTk7BN2t3/KvBk6AqgaLMFFDWOHxJzXMn1TZEbs7M7MG11cjLvZ4XhcrPE0hYsM1/iNLf1sM2jZHy24tcCnCvG2WySOyhtmFDaDwRoHYq8Q2s+udnK3cQgJTvKFKYzqsCFggsra3Xn1XmKymPdGQUVqM54IBQ+rUZheY2QptQaJu5KEbXTsBE7MkNTFeFPuuiVqnA8NTxH7au6fa3/TB6tWNnwvr3XgiBRLztzaynvT2m0IxPbeSELyc5rSKQ3OvHmd1nnn3TjdKcXQnDBQplmWc1DeyIW4N2mnugxl48gnC/DoBj1tPiCMg+GFEwdIN5o0rRNa6XhcZTTYdxzRQj4RwRl7Nswmys4FeZZPPuXBh4iaeHNO6zKyA5C4HFc7WSk8p5HVOB5hMh/SoUL6VdHJqcTaXXt2VuFnwhMTvVCQFO1mayGtkSLPA8jo5ZKIe6rceWB8sRiiQHNo7cVB9ocnOEwmneaKf2Uu80cDghIe0/S3xw/tYagUQKZem2QQc/2h8NLs1HEQOnKRkRLeNRk7zSMeqaiZJrZESxqJ5p94nef0RwbtpvWzxQ1hReYe5aXAnkFIA7k0ElTcWCpGSqtKuflmSfRR7/OiY6o3Jp7WD83vBgs6LHNBTFFms1g2uv4gDZ42T6tsqh8G0Oi3kI/A/wD8kMq8VGrd3ZHmgUBdBmQc1WFeuxBzz5qbWHB+Rmnl1J0FAsnEd7DVG6R8JW0DhJS/EE7urld/ZQnS3miiNbKtTRRi7+1qcWg91V7xMpyKza4LNgXlB9zhewQ8XwpqP4ZvZ4zWJztNDVtgRxYnyNkVrURT3BWTRXep0zTr3Lit9elviP218jLvZk8A9bcxLuhVhp0XjZ/4qZvTwyTYxkNknKaKwRwUiWjBxkCEb7DMBu8jErENDuxtxTYjhwCgu+cqJDb6rTfsFGv/ADT+y0MuP9n7qcG6e11Ro8U85KFJt04macG0oG5c1XaqOCvbPG3N33XlIWcM6zU6SM1heopT3oF9ZiqOJnLUMnToop7p7u6NZU96bIZusdew4KdSTZmshr7p9rfExptE2Onfb4m5FTxk3gMJoGO2J8MzKQ8quxIcUTAcZyOfIpshwTZrGaEzgAsoZC/M3utLPcNRa+XEuWiz5NAWjNE/Mf2UVgrLZatLiuccwZBfE2pLjOx0nA0KNanuLCBdTRgBemm4CiEjJYgys8JafVeYrOYsCKqm2FTTr+d3NUamBYany27ihY6udpsCojqwwWhkphTsyXxN9xkSLP8ADeW962yawuvT/uqpSwLCKEKsB4pPFv8A6T78N+fDerroLzdcQZyQCbtPfJeWTuqExdxWRmsnlQ7/AOWckwQj/bUJw2b2HBSc7jvUO/KhXxOZtKXVaSzk3aV/bh+JssE2l8hAfCZFb0aBinL7J34hOG8ILOi8wXnQWAWiz5lSnwRtNjRtGZJVxQGFX2HgVpXdq0i9wai647CmCfeFgwExqHFTB3qIDzUI68L2n5VCisGEpKcstSHSeIT+kqrA6viANniZeHy2j8vZN2h8YKwKZMwnC4eDskQ4XSXDI8EZwnYb2/lKwg15zTsTMq9dxK8QIKwe1rljPDgjNZhNmA6aj3W47iVOShMcd7qp4ZLIUTib15q+EPvmi+DchIPnLojtFwHSw9ENrNb15WlZPbZxKGLa68MuvHJaL6pl0tNQuVomCF/0zjyRmDZE7q6eqYO6dhusMgFF9FX5VGiM6TUdr909magub0RsLhTJaYSPZh0peLCVmJUQgqtK8U2UzI2PI4JxlmEZg25GVmF66fmt8EnJwm1u0MU2YzJMiSmznNnfBR2iZkQ2pACn7OJU8k+bIhBA3SsfiJSWLWkhbi39U2aBLjlIU6rJCalDZndAB9VEvTE8Z2Qntac5KUnOaaHesXMTDLN0sE2jGfdZIKaNVAepNf7OUp2bgty8oscAgXei2eSiHuno3XTxT3n0RdXesDYUUNoVXyftrjxCer+JD35hMa4HNtFGLeBqsWki0UZVCw/8KNe6WMKDx9rd0+1mVV4mh1mYl3TWYeH9U43nOqfKOCcJ3p8Zb0xoLodHTqSU2vtZDlJM2mOx4oYUKccVi8FjSqmHc/ZBSpv3rHEk59LBgoMS7Sr/AN0L8U4u3K4GnEtN490cFm2yG5xa2pAUK4PzGS0+G3g2pUOLpB7LQ4cKRlhMrSbvI/tafALA8HkoruQCDyoPcp10cE4p025gqIJtrI0UZvdRm/Uo4+pRGHqizupd0W/UogNZ0yKzFrgoL2gGV6WKN70WWIQm3NuoU6X2K2YksN/JRWAzwdRFjwAcKqHd/top1zNgsamKQCF46mRlZjDJbbKtRvCbeJywHU7k+GS7JivTY2QDRuUOQDjO8jfiPdU4CizcSmyZi55o0I1dQc5r/TPpVOXh+Ecd6bfJxWjNnvKyMyp9DJT+60d8uUlEhwxxK0kPLGy2VoxdxdRXIfIKNEccq0TW7TZFOrT01TkiSnKKOyjDsooT0ZqG4oyL2yVzug3umt7qGO6heqheqhDurrRzWQsKZPpVQCSTvQa2eQyTqjOax370JO3b0JEZannCaCmgapQUgnT1fEAbMwHjpS0TImFS6wB08byOHCahPcw5MMu60kQIeUKHVya9kHzOMzJP28SL1OROSN2FD/w2YBQn+xv1LsJrNeFxFkNzuQUK4PzGS/iDGcAmxI59FoUNnEqNd/tEk8u5mfu2YKU92aBRtKNgQtPu2yPBRBZCa7mFo7OygQ+ygw+yY0dNY2PCGtkZWYOmw9dT4I7R0M0Z7VSg6LE8rclopg+YuGHFAuuCUzxQDbs6tFBz3oXrlCN7Smy/Dm4HEIgLS5l7p3Gn9l/Di9oMr7h+6ZDhjgJrSHnrL7fyII3FRXIhwOYTbDaU4a5RRRRRRRRRR1nAKM1OLuQULupN5KI46jabzqZCfazwkHsvEAe9r3F4dNt8SMs1+K4+EVrxO9QITnOM9t1VCdDdwqFBe5rhI7NCnsE83sm4KI559FeEVrxN85lRoj6bZec02HQg3m4qd3cbTJOOwZHKfJDZGB3+6Cfd6KRkU1jctwRQT5cMivw3+h13Huoz+6j904Homw+ygw5HioHqmeqglQnKG9MemPUN6hOUE91B9VCHdMaEWjoopUZ/dGeoKozP5VIjsow5BQ5nedXNZGVmLJsPS28J41l0TRfPxORP2UFvZR2N4TV+JyElBa3nVRjdPhFBrPIBxVdUaoPVOonuO+Yks0QS3w5y3pl5uaY/riU0Vs24fld+io7ymhU09FpUOfJQH9kwjmEVtvUIq8QOKYZJyKYne8huPRQT1RaFGLnbmhDojIozQTiFI6viE7IbXTN6pwUaHce8TawZKjZ9Jc960pvIVUJ7+dE1kP1K0h56+7KGq4z3KSGImLSLGNBzOakQcCDMFQ9qfxKYkceKeamrinh3JF3JqpuQ9o3zeJPDhqBQ29lo7J702h3FXmfOo/8AuC071av4g3uF/EGdl/Em/Sv4iT/9ZUZ5+RUHFqeHcLqhuEs2/qpkA71Bc751oXd60ES3h00xhacDJNA6WFbLVTmm/MnTlmqu3racUJuO5RK6uRlaVFe7mfdlC1ppjYT1WCwyO+00xQmm3hudYRXjXUD55jIJx/EpdGaxsa6ecz9rXlp3hCX5x+oTg4HMa3wXdmwKEFJruOCutduyKoRbgcVjn+YKM2G7NuR6KEZ51opyQRm04sKiAHymhTeq2yuyAG4LZG5CnBG6OSZIZkoup2TRPhaCtnmnzN2Y6e7KGp/zY2SceHEoSIxQnuylY4kLA4ogcSisJ5Y2GlkOsvDmv3QvFEVQTsBIIE6z5bxkV+E//adXodxQkRqOTdo5hOtnIVkszrfiQ/UJ3si7zDHqm3vzZIzPohMpx5FYbhVAtQmphFCaCKE1k46gFhVdUjlZDlX/APUU5HPJPqPRDnzTq5UsyTwCMt9kqIy42YIUnjZmngncMQoLZie1jOxs04N9UJ87Nk+iEtY3meR36J11/kOOoNpuPEa5HVNujfJD3DL8LvdUZ0OfkNOyY2KN7NlyPs3nJ4kUPaFFCa+Liu1ptExLb4cdRuoZJ07CK5ZjmiNnKdViDSQHqroBPxSwTpgHojI2EHkgDzsihsst9mQpS2I8P3SsbL9E+vBM/Uoy9UL3OyGTxyWltB8rNorSzeyD2ymhVCa2h661EGOkMTiVo46OV6HzFPRODhvFUPw3HsbBLVcViPcnZPxNyKNRi04hMDhxUV8LgDMdiobYzd7aHsj7J+6IJIe0JzCddMsMbRbEvG9N12olxOq43t0qWOBB+ETr2Q+HFXQQZjZq7hNCc6CspIkZOG9CaaG8BgmkGxl3rNNmbGNd/cNUymJYIkk4k2BG36v3tF+FKXEJ3tIe7MJryZ7MsOqldwbK2jt6x9w8tPBNAiEdHcuKGGB3jXqggeusaOE7HFrhgVsxRlv5WtDhxUV8HgKjsVAZHG9uPbUHtIp8Ay5p978uDB+6FCJLwmR/SxjJOntSrZgeMzRBxdlJAVNaVohMZjBQ7g3TnaXGlZ2FTlwU7s6T9yNerdyNjpbxvQbCnjdFUSTxRW0jLlY2m+14bzR1DIgzClfLLzT9wh/73IWB4pjuT5kZBMAtr01hUZ2mRGBRk/J+R56+HijZDkqnMnO3PZcskFdpvMk5p5FEhGbnH7qVN1bJT4CScGzzOCKxFgGEqCWtVAD3ZVHbrHIS5ozsEgqlD/Dd9rGzREnSxx7qD2THDoqBEz5V6BNIlvXlTZg/9Rv6ozacLJ44WCwyQmtl1oQsGpVmTs2/8IzBwNr5D7oGDo27xPTZAamaxFDbFhwxPNOvDfKVrSabMsjqCV7j/LRSeVgmhJNCFn+m7VJRUSQ3Np9kFlDahMEVXwu2ofSyd6shgjqEqfXWGNlHC3ahHFv7J02mw34nhZkzXzobcSsQVi34aehtjezbLFXrw+LcbKoIzVP5Ci9f2sFg1fIddxHJZuAto5tWHcUJcN3BTunGteapc4zQnL01GBNruWNmFkzbW00PxNyKBE8jkfc8jaDIWNa7msLBLUw/kAm2BDUyCgjqiG8goriLwmOBKOB2OIKwnWwYCZ5KA/soZaDhOzJ149NQf3/unyIqAFElLwy38VEJaXirc5Ld9rHIFN9U2vNBMTD2UI/SoR+lQT2UL0UEKG1ezCdMkzPucHfe2IboyyVfcYHH3RQtbNGSah7jJzloEOJeYw1mSbyOy11Oi8slJrhvwKbMbxX7IyUbSBycnudWkzNNlPCarEd8R/TVcJeQqGOrl7NqjjoFGcVMqEFBb2UJvZMHZNCH8juos8ef8sE2Q40W19k0e785UJ/tRA9levSFgxaEKeZGSdPmJpsP6AnS5UQ2GGc953f5G2hwPHL9ve467SUbvqUyu84++jNDXHdNRnnlIKGTzKoBgLJsPBaT3atJHRqvROeCEgMB/kmPi55+9Goym80RvcMAmgf56KRMD+Ye+aSe6N31KZM7zX/P3ADig5/5xgOIXix4HP3URrptBplPJMMt5oEb3AUCaB/QG1FFMKBOLjx9xRBNJWx6lMmd5r/QTgKAkjEKt6s99o46lUOyZTejPkmAf0A4N5mSeYh3ME1oUhvetLuDc1G/UGZTxs4bOCcmzQWeVgKFwcf2Tbx4/wBAaFFX8PPzFRmQR+XFRXxjxKhNb01ggnAJ7jwwTAP6CYEP/h//AP/EACsQAQACAQMDAwQDAQEBAQAAAAEAESExQVEQYXGBkaEgscHRMOHw8UBQYP/aAAgBAQABPyHqfy39b/4r+t+rf1X9Ny5cuXLly5cuXL/iuX0v+W/puX/5rzL/AId/QxcuXLly5fS5cvpcv6j+K5f/AMV9T67iylAcrUG0T0QT9xBOT36UzPEzx1uXLlwZf8Fy+t9L/wDDf/ivpv01db+m5cuMOG5t+CYYgpzLf2sNn3k7J64L9uC09zK9J6YKP6v1A7vb9J28qN+AZaoxu9oinSCzh/iuX9N9L6X0v67ly5cuX/Jf0j0WfruLLly7lTHCMYckQFiQAMrFY7E7c7cb5ld56xXxh3j/AJj5i6b/AEXL63Lly/ouXLly+ly5cuXLly5cvouXL/hYvRZcuHTV9F9Ll9LjHXo/siD1b3R0N9Zfh+JcXi3lsBJ4J2IJlxHfKZJJmrqpxMiGLZ/yHfoLUxNpfRcuXLly5cuX0XLly+i5b3h2MuaofkTTj6Olj+K7ZzHw2aB4ChdPRCbw+UTfPrG3XlxvxRCu79zT27fxr0eq4ouXL6XF6rGKbch6N5UIFNUAEDHaiiBWTaJMMtqgHIY26EiplrLqHNx7ay22h1YBtF4msclNV5YItgfO/TGZzwZ4PtHEQ1L0TUj9M0Ueia9FvX4Fie94UB9lBtR6CD0f1j8sRtX5UXoXlWK0H1MXoHiHcPBlnA9ia3Drz9U1QeXFXvK7OlszMypjkmIKwvhRylOEqU8j2z1f4rlwEpHoSSBjLly4ozPOLXmCS9oTQ26a32mRODfWPAgTF7RNklWXzG7YxvmFPWrOIYm3LGFAO8pAIYdbiFhx5jZsunKD/kPnoGbgPAJqXuVNZX1zUh6o6hPXFNV7yu0o4P4S3EqXwe84s+C5aPY/omvn1TR/XAn44Ca8eSG/lk/N5CavwSF+6BNW8pTWg8oLIM933hwPxDhCzgJ/yZmdkL7Zl/W9F6rRMlDMsNvpjZOilRYzL5cuKap3Da8GJm5b27n9ZUGGqVZasOY5oJh1XqkpnM25TREW1y4VeVQQqS0VpcFWgyjrNukLLM0oDDrTxNNz3g/3Jrw8JnwmfomuH2feaMHkPzEuZFrTyp/ET8YQ/wAYe8LrPAQH2Yfaa956n3WLP2TTSd4M0Y+CTtx/yy3JPMlOZ32f6voXUA84ny0FLCLgL9pt7NArN1+To+8qCrRXyQRGT2bqf7ishp9N9Ho9GXE1rqSaCEXGlzacxhhlNJY3ehkmuelGP6QTKyuDoXFmZc4nlmUgMqVCCsgBUVY5JiYOp2heJ0o4QSvKpqHaPm5mg47TKZEgpVObyniFYYsJXPMtBYZvZGWakvmE/ZHzvBh0Sa7uVsxN40p0HeXEJUmxTRvieljX6oFKA7E7ZC2bRkWL3HMXmlDtBuMBUo1iugumiym025+00U8kPvPmc/dPtZv9p+f5NOeMH3Yb5ST81P4n2zYNVauz+Y2lYtYI4jVUzYIhTcHJIoBi94+Er0ruY+RnMyaoW6wbVKp20aV2q2OATac+zOz/AM2Ju/wMepYwg5+50G2t2CGkrO8LcXtBWm53SGqeWKVxrR9CnHN3wR1YUYB85Qi6PWHMOlF8EZckXZjhrHFOqVUDB6MdRIF9x0cK6S0acrojMsj00hrD6G4LGFqz6S2gzxMXzMX95VmnIwXUDDOUC3YWYgHsH7XLa/RfgifsL/LBX7QftNwPGfYifnxNA8J/dPs7k+75+E+TdxOp5kw40NhehGkLDYEX7VHC9L4fhH7TG8LoU/M0/NL9ojwJxi4bSjA7F1cNTxhf5hliUFnvay2BGsEAtbitBeoXiXHQaHiBkWCddtT2lQQd937MG88/XcuLFmCUMmB7ehq+Z80TCuALxpzqTRNbGaJF8FFq2IYflmpr2T45xiMrl4AYLQhKe0pfZga4j80kNFInTWnwbEwmgNWZUUsmF4lASkI+QnPo0gweR80aR4DYjrL/ADNZ4g6BGFr7A9BNQSFnuSGfFnJVbZjPVtWBovdjnwF4M74zC69KI95VWl2TdNNOZWaFG9/jMz1VNDFoufDXsdsL2zPm0UoLnd/NNg+OhoZQI44geBFf+EVr7kVeoo1VHrHQ2GMfI8sK3fyGDVt19JdoNC0OKCVVWsvToKEYU7pnLJXcmYWsPoxVzHm4Q01c9YheL9Z3Qfx9Sy5cXoUKamYPUn4jowrrIV5MslFd2VJeRDGzD0JZnfQbzNwpZSu4MvzPAeAlP4en3JiA+dJl9DV6ax39WXrB4WsB3Y/LcBHFojCKa8xa/klFcm6YrMji8L4lr2usCWZYwVLRVFIuzPxEbC2oCGqo9YJtk9YHWr8x6ro/boU09Ba12IwGu8jT5QywwyH5ZXzAoNVpxCmBoiqSDxYRXJ5T7Zx9iWASSgvWA1Z5QofYYIyHj8NE75g2SbJMCcWAyuEdYpW49xBQtsrN+InUmwqXDipbTiDC/WUcHaZp1WdbeyABb8ax0p2AfKZrQvlV6R5Z1HMoMPvUtoYEpPEM3feWQqmXmVgg1VWjJjdgcMYniJt6Tu98X1L0MPRUqWEs7C/EXsSi627eTtE2NG4Gggbh6TV2QzucRkLwD9TjbYhj1JnVqGgbsd7czLMbIclXtNF4j2MVWKOKTbeZw6amDUMkq68REiGeZuazlkLlT2OUXPFRMG6jc8kDrmy4AljTWzMh3hxN3Td+mkXXNJS5rvxl+Oi3u78OGM3dWjKmnd7iS/jC8f8AJmuj1LR9pUsZAfth1QrEPSPXhuqWdokHfbPeFgvUPojlFtUMwCBGyq9peGLpmw6yzWME2aXwlFwTOKKOG97TNHO5xN4rRrDyTvVM7JceWDVwKcTEZtcaSmukc3mWq7VzLhTdcuKopQDV4iU7bTQmzwKfH3J/mCnq9FjDLCws4arLyvegwRwN4STaTJzBo1dP0MbDksgt8/dmNZvaBm2XSY9YR4n5VDLo8mkAO55gX1xBJYdSqroqANFldC2o/MuE3x1DiIZgIo1zAEuwXuZiao2XmBoUXTFbRMoXIz6zEfm6i09ppHEv/Wo8QeqMEMyV+c+o2Wc/0H7Snto9yJiVAr4ec3Gs9n9TMAtVeobTZp5rmEvXoFuW4ONG6c+qaM/pzQCPAlClQ6NPjOE0IaOk14ILbvHoBmZqY9oVTg07uVoJqdV3VXmpWEQMFL7vvGV5iOssTQXviYF2tTjECZXcRullgaWGv/J2u/JPzHG9DAbUHPeZSUZVQ3cstKvERf8AgiBdbTsh/fMOrF0+7Dc2LlPCW8yG+y8R+0aU3lweBGqHM0rQvaArUDNNpMgWLRghriBAZuYGlzzU+OeDd8FZyL5M/wCJj+IhErD3Y6RfVltYcotyyo1FjKSW5abRGJBeMue9bTFnMDqRNhcYQI7Su4HskIBqqPWGTbOg6COQTDh9Y7P6yEzr4Ds3A0MaPaZAEA7jgRaVO6RRiNi7sXDjWy5Z2iqA8kqDvO+B8xICTPTF5zCC/QFdx03EMdYP3ddCP2ELV+IkCPuTMbVjSd4WPUZF3c6y+v4W6D2pc2hvdEfZuXImI4B+UK9i8NfmaA00/qWVnUo8AQEgtCAocHQgkbXyw5wMbxDjhFS1HEptYs9mDNWQ9SX8Nvc6rHrzIvglFxAXRUNjdNfvMDJHmJFg6Py7QtalxWrAtA+AXpAlhTay+ZZ60WNWe+UCqJBRUl3e9OlSupFlkoZqk7QFgAxvvdimNUDywQZ1LvMsZTA8crFub9AzI3PppF9AASkArT13R+0JfLit7n2jYd8xJYXdxCzQAjbd8S2tpc85lwuqF7C/vNylh7g2e0xzW4qu5BwzG7GVDZRSUnEQdzP0JofrBfoIHQ5FaO7Kt33wb6UYhNJEtG77zfZrZNTAAojUO8NCwtX3600uIfl4r1IwOX+FyhRBNvw3mtN4/Ox9G9wv5jqQaosTgYppl3ip1MoOX9p5D7Jh0f0ku1HpNGFsSvpsNusoqzxtAHVC93QQMwPO4OCAbLnoptegu5BOI9iIQJUHFSpuNuYiU1Hu0vDtUpH3Gsxz9Fw4uJtLl0NzKsDaN3MyVtFbvzBnSoPdoi1XLYbkZAlUzsR38Yjx9AD1VMa78ZH2hMr48IxZ9hmlNOBl4FRnTM7L0/Eyth68q/zE1JqDADKu0TQXBlDhGKtXvPG5UW5VkneMFxO4PftFhQ2lBcvY0jLpdVzU/eVbNGnRT0QwF+80ugoRKPWZ/wAZb+INdHj8s5NO6R+6sUMvuhD2pgts4Je9uYZdE6bkJvD1k0AGG/iV+BQ5N0GCi6VqL37EvQakoN1FHZSuKSvm+wZ/lIMuMZoMRgIOyVK+GMlc7wdek4GA4MUz7y9uWNUaFZOAWanW2Q5NKYpwviaIgbR3bt1voRUxFNRldLly5uZTRMXA9D3msn+6qwrxGVAuX3bmY8Syhq4JOgkCHQtgws5fKfOcIKZNTJ6QH/lapl7VJqGsxBCP1E3PEUYa3ZdXzoR4+rVAM6N4GDmqPeHI6Q4QDGGL7yyGO8EHQ0QWEmBvc0k1nl1hK6FF4BMqNa4UMlRBwOyflbjQTQrR5iu7ZqS9MLMdfaU5A/MYqgsiQ8zMIr66HUeYukot3vWmcniYuSi21YuhHNoxFtdZqgWwjYRUecSy21TxLzgOyIb908XP3J4y946DQxtB0ANPzlhGylTJavIy8ElqleiX9Abfif3SwfF0Twg9MW1WBy89AQRyQbw8Im29N4NUVoqqgTDWdkBd5R0WU92HgMfUVFx0FdRxAO0VSjeW1SLS8bSk2oqB2qz3OegkKvQOJrlC06OvrHZ/WQZlDn0LBElUR0rP3XycSrCrtlaq7QPsSp35gUoEITV6CYJHAK2XiDFa5xHAKS70RBK+DCUgQ+BiI3R07M4TMvOukBrnjFrli0DYcLPzM2DVphrhOJzFJsFnfeDdt7ThFNTxGUYAO9ZlpBRlVELMR41/EdxZ9zase8t90F6MybM3tzUG9s67mUZrfgltk2x5R2HYdjdgIo95QUQPhAcO/uRW0VH1xNtLW1tGquxCtu76fdqbLTOy4m2UwgwlGDrxErIMfkVgVKv9IoVXc1gr3EsPmNUe39Uwa3VVcfCpmWOyVedjbz092TuTcerCfC9XSKcUyXVmY7TgyyxeTJ8Ro0nvLIRTrMQRozWGuo1YzrNLTNaWQXaWi2tTBMPkTB9eL7ErK0oLeJaCQy1nYyjXpu8JbKx0/EsJbbpeRZ+IM+hrzW18iUiK3WAHeclDWoPatpZBhK62fA1mTqw07qXRkLuVP8jMekMa1YBHVCtBcHKdSy8PeXUwe9Lm0nwin7QVDdFr4+JYGMNdE8yjtKF84YgYQq7le5qRvFlSZHpzAmncXpFFt+B6TFfGBz7FEcKBYt6l/iUnHrgcxde9mivWE/UU4asSHdllVEn/AGMlYsXpiGcMEKhsD0necfMWcRWv2gpEbFzc2iHPxEYJY4Zyk21NKHvNEKu/9ZidZfpw4h5bjJ+0GBEGBGLBaQy+DZcvfyRAodibkBzUllfTE0Q6DAcr0EErM3jaYo1e+D4nzy4vPSlols9sXvH67tke5LtIFEusKXSMbNCyvb0XaiLgIawIB6zDFYXi8xUlCi7tZRYoBp26Ut3BxL4AdTCTbSpIGMJ3234cwl9tL0mEOT2iQ11lD6YYvYyzIDS+0JPs3qV0bcEdVtUsxe7eHWG0gYuF1eA7y1VAEdV+ZyMnQZU/iKkKJvHI7YMsEovyZj8SxQJuq7I0ebQuq7kAUCbxHLslJV1um+8oDgNmGPWOODvAquaDzeICszQBSRnaYtp6HCqnhnAqO9Zhgt8mEGimGurabjUPcObgFw9UfklMDvKs6nWqPdmcrBIakqThH2nd5viWfKnYUPiGWy4m92Y9P2TZA4jLqI0tJ3yQWBlKX7S6JvUqEkUg3uFXcHauPOlRyiywuYX6jJMNttneEuBGHslJRtK0VNztFHRolGckMB0DV+4g7u4nxHL7M0lxhsmo1jeO1R4KIA0ZfNgv52i5aKSYnzo7rklaTvTDHRZY99oa0ruPu6abzm4o85dBWsgeTMBd+SMzaDVhl8JuBUu5Xq+9zbQmz2E2ziDnuhUaDfcpdbQWWS0DTUvtKmNTnjiC2C0Y8kcs63NQem0MvvFB2bJvi0uOmZijsZVWufE0pqlBlub4RuUy1qreNEkAwbbqoUwHFp2nB3mHCVPJyt5mSb2ejc1sVP5gSV9iMOrdYmNdwWPiIP8AYG8yMLi8H7RltXLYeXBNNp2A+Jeild1bmz4htDd+e0wRYWJ8xN6lo2+0tMZyia4vKfuG1IAUdl+8QtV8zNTeWp+5it1sgO8tPgYr9KBceGk/XCK3PTAzJ7cagZ3Ed1oVWk6RUDIPuSo0Ez1VndjZ6hYUmnOWc/lK/janpiTWpuHjogFbcQZtjiAZs6laQKx7n3CYQXqej7vxH+6S3q4rv3GC3ESvLyvsmTB19iX7QTMK7ytVIMNfeXxocxYd+0JTDAtLRKfWK7v+yGstNtP4MkJtLHwJMnbWpYlNY2ju2CL921loNO1QPbUiZMsspf2WludXjxDYzrccNeDneDI/MRqtFwRNW4JlyRyymq5wef6JvU+YMQXwLaqZsKVL+o/8eXR6xBdA7lZlpMrrMgpKdulwldkxdHzU7gdl+0IoKxu6xtMUlyf2loVPO+7LOlVcRyoQO11Jb5O8RNUBdMaNJgq2vP0OSDhhrSPgZpnSK0+GN1kRAPqY8b2mlALoLYoaAN4DMC9ILQUtormJujlGJjH+tzsPbO19s/4GVdsl6mp2vD26G3w1trEmsERg64pyoxTBa3wj61AM94e1o/slC2u7P7R63WLDLly5uifC3PmvBgXtpXSdYRkTSkzY4tAUwVjmHEyxN5jfH4lhK0v7IR2kuZK6c0pqUzI0647SPivWGrcMWl8aXK+z1tuDdE8196EBKeSdl6rEmAvU/FTVOz8Kj78+YEwsuiVrEuTQU+uJTjPsTKNuLPlww7I5C+EqXzWr8zYh5v8AQgtcOAvxDMscBFiS7n3S/rpiRGUjpbN5bh3Ju0ibsvSaIYjROgbRQMbqoPcw5sO9BN5fFPInglZXoqVKOOqzMy7VZ7kDkA448VNGY5a3NjK/05V+jAv0ZenchGCN5THijsE5cTugjLLq2eDMXr1mPrfSInGDMBzO4A/XPQVLS+gwckA0ZRGUyR5OZcZQP4YugaH3vWesQf1MvqArCj8piUApSr1XaUenXIdzdGlSry1g5rNDAfFoFUGCoXCGG2qiwGNAF21S9XJgX74ilWKsfglpTOxR9k1b356V/DTNN5ZBzAMUqLkpYbUmrid/3QQbRNqTwzSvfOIMB1Eh28dp7kG0SHW3mdydxO+nefWhst30tbpXKW6Do+VBn5s308jIt8qa88SN/IdL6Wy08Ahae0dre0f/ACBvlHz0auQvquaewvovoqy6le8w9WMj5GvJD+qXqhf4VgmdATR+0MOY+f4ZeVAL0PeKltGoaqises88Nx5VLP8Aq+o4Yjpcgb7IswSCvDxu7zDbba1F+mamBKtuuleuQW3VviDbJECjbVbqERC6dtve9blrBJ3Mw7zsIqzdFc1OQLuYVpbI6MrVOMfk4hTILzThqIq8xnO8uie+ryEqwcl+07fQc4sQ1BZT8KaavdEi/ZMF7vOrRW6JUpllMipDDkk/Azye6Tl+Gf7DrVf5iYcfDOP2UXtDZzK090zSPEjVi8YmoCc4vybjspT0AtVM73RWE3wlZbRSx+78yvQ8ixJtHi5xSkzVph7xEtX9kJn7fuDiVsS5dlXH1K9TKOaL39oUCF6yvniV42m6H8JlPKbfeEuG/wA0S2Lnge7LM7+7x0LUAT2+p9iiDeouo+WZcBS+8ob3KbQ8kyxwFZ5aiUpGkoFZteZryi0JTivExWql44mpLi1doOpGXIYG5FpWnlRwEQMKVaadzvFFZj7V5bTSndxPjmaIj1ln5SfnBUqw/IRUj9/2mH9UEWug7sHHZod4wajdVtUqbolZVKV3yoZGfibsThzH4o7k0P8ADia5r0mrSEHS8I9kZobwp0zPiOcJwHsn3076GEA6xfDK+Y18EQLR2MyFFxp8hDxPaJpi1izMspLQj+elMdxcGFOk2CHuMML4Yi3HKBj1tF9km7f4lvb80Msw7kPvS1r+MD2I639PlLJcpQ3JTrCenQX3mOnq1KVFa+KX7sw/pE0cMSxatBsfEQKGOTEsbZSHU2m0wVxW66n4oD0S1p1CzdcVpDAzwG8eXMR6390hbB850e8boIaAW+rpBRVQ2rySzbgaPPM5LVWp5NvoakHyXNZfkxX0KKjCYObCZLyML83GsWDy00xVzArVC8xPan+cRvHpNnwNG+8CyPav5jNXmsZ2zZUuNMiUlYeErNpk1DvFs+3RRC3l/EpQE5VQ8MCLthafEsIS81SmpfPuylTbd1RbFxroIyzeCj8xUMm7IdiXqNzK6EzP4qiIZ7jccKolsMic0svD0RgHCU95qsIe8r9dy4JDdm6mjSHbxLXVjKgbQYPMKUto5h1AVsphsJbiWisrr0pwzOAb9X0jW0pRbcQaXB0oSqfx3lOnYPDfNRmIejZ6MuIl8GCuSMFwrA9YxAWpwaDqxLuF+DmCaAaR1EgmYGpQmpnYL2GhK5QoQmj3KmSVx4/xxNDMSWMv6G6xL/OhxxqeYCmsEah9IpdkCOAB8oLJbyfgg87gloL15mph/gxdQ7W37Jy3Wekwptpp8EcANl6zeqarNmUPjhiy7MvTL/HlaEu0evglC+TTTMJh0MspGUzaHGuP8jneLsByLOyRrG3LAjceqKuPEzU1Z+CawAd4AdzRd8vrs6Mopm0JsLR2wI656AqRra8vBMR9aXJdnuxUwswC+A1PeOsRQdmXLaDccjzydoYLaN2U0L0srziFV0aeIbF3wHtEVkZ2cNQqD3mh8umFdRsNrlMpMtKg2zd7wTQNclP7mXNFqw08xVR6XQ3Uu0U9J0aEREE5qXL+iy22rnzEwQ7j7Dt6zWs/Rud54DRlhp0n+2ZfeVcZQ2+HMuNaXBxA9t5TBRN2IHWDEwr7we8WEtUFjUh6zYt9p3IXWAI1AeNDMADHWn2Re9rTCYFHbb07RTSmmAuLQhLgMpdSG8Z1jnCJQm16TMVzV7e8x4ngmlZ5jlDtjgpitFVPnpiO+D6S8D1MsysSgRIulcL2AitXqND7uijuuIgAQckKc3Kxorg2QyiuKiJNhdZg+sIhq9dZkUKb7vcxqIAwLX69BAt0o8Ry0Cnd246KCmCrCl8whNC6tvaJXc2YUw7vWLsCaerS5cPCXotA92Ue5do+p/UJmvEanN4xtKS9JRHfi5kQONUzmfnP4gijBxLSn5UtlX3+qu73LPVtCj0A+jnpfQ9HOjX9pKQb13ifBz9OWMm39piCXaLHpHKYVpNXVdKl4mX7cWWtrQ6naHkMxsflSjN9U+Jmvf8A3AgtYNX9Q3kHg0hHEN8x2jwI1DK2Auu0ARexP0CWuYzaZR5D7OjEufvMdM14IjKhvUKC1dSkCdnF+oLUQqZKdNPO0oC+VhunhsO0wo6ZbnBvHYtOKTe2sdgJVWfZt2jF3IVn3EJd4TOgW1loiu1t3Z7xh3DAsz0adDDFV2rpTB7dB8yoMVsbO0zmjQsSmCwQNm56mDVutaZ/OkKmUuLyRix+aVKpf5pE0ADgxGsd6Pcz0PZ7kMgPkTySkEPZOSYREtbuDZ+/pqN03uHT2i2qxnwbtOst553j7jHATeb3Wl3v3KRrrlAex+oudZwxWoF20lWHjv1qaLQ4q42qcjqzBKlTSbdC0fATKUmX/A95gq/1jbvOzpBcRt8CYHlz86L1uSO/tASaOQzsMqJyG9DxvO50NEL4gcgBquI/IBQaXoRktupBa12cA9ZWJZZIooPDQxCw0Fs2NMzOcrLs7tgS7HWsyHRmrNxHFOeSYAURp0e0OjS3ojxEeIsOHPQy16yajzmXIVrRwTJNXEVVgd5v1qLM1caLXa9PSakFhazENoeuZrY9EjY5ltL4hoU2PSvqbBsdu3aZPzKc/v8AvC8SGiwnbmEAvLVsZz3jx0sK8TfySjqnEoQcRImq76im8Fc/6HyaM2mC9jfgOJc21choywKKheKrWhGmsomDSZ1fEouFGUVF7RsaDalQCokvUGZLhZCEVssrabogocErqCztPP6dXvFguXIHLERsT28eVKlTTOGlJ7nsS1DeH4EUi2UBRnsTXc8gbpUBGYNgv9RgAtX0UB1X+JlNKUF43uWyVLbE920YGtwOR5hdrytx3V6g1Zo6p7dFrRca50i9dN3pNG5HJXeZERp+pBeh3xAe8bcPWIfSR63f4+JmqPk89L7SA8iCAivUHuxi1bq2NkAcsUxV2wTElfH7zNrD1FBVYMZgOJRMaI3s34CEOE+lTHPQiWLZNk0mHlO4TJ2YIbbR5Bqu5NNhBq1NakNiHURtGlaKC18zS4S6d5YM32ghv4l4PIqFI9B0BSsPsNSasTaIJmiwaRlODY0PwmX1eiBUA1Zi0OPiObN4PnOVyzAlxKY9PYOj6TXiVMErUvfiBDFLX8iMaal61QsxpLPmaJ3WuryZmQLdT3J3iDKBfA8QO/Y0PMajNOo2PiN9SYaiMarmioTKg7Bz1qXLzODvB6r4YjXTe2X3YvUTfMo8R6EIzAY/D5h9ebl4jGk18GWZJ52TL4nlK0CvBKq/MlciFUpX3UNoLQeLpnDYjWPA2lZFtFsP3jPLeaE5b5EYzuFqV8EBToSavWMA9/uxaUo4HiKIs9WpyekJqcXMyQixmOuWqw7BBjSXN56zsx0dn3gulLTZXrEtprLzvpRuiddIlyYy8RfJztCLEMv66er5OYLCawbEl9GYtrlcBvPslpd+CCLNQEwxhhIYFR3TJ7ejFEF5vhIoYFAuul4CJB2Vk9IKU4lQJoOZeo9KZ4Q1FRYUX1DTpiX3rMLFHLiG8r8TEoA68/STdOg6L0QsuNzb1lMA4/JjwV3395kwowNDiUCWAuSZEH/lHouKaS4pY7qzUE+Ymz2uo86vmNFGsXgZ8QqKQHcZk+tdzuPNdLawqA7Nc/iatlqw2he6ZbGpuMBxBMo4rWXDS3fdFHX2YNRJjSVdjZl4G+E1jdIHhokRUAmLTRlqHlaxoHJGL/tnj798EAXD+Hv0D3HOxcVzAHQYlTBMURif45ikHUZtB0yAbayjHCabz5gcyA3NV5/R0ZZleal54eJia8Vhy727xVSVDi9GIAPAIoPVMEMQHoz7xzNHodD6QiRxMKm2sOiKw89fYm4y+r4fmYseL/RiGs/LGBsyjqs2uC2iQEORmTmN5UplPEtxF24DALWAAW+9MDRxj26BWrXav4d4Xt9t8m/olZGhqgW4LtUxEbghZcaRxUWHyzmYsXI5lHmpnqzDRtpl8m+kNg3TaVKabwamno7QK8cMNeddaigWnkgBvMvaKGofeNlkcR9lTMVrOj+HvCRCR1A1IH0Y4w0jgNSY039QlDKP6nKTmtNss1QdlKA2eZbYAllCLjtBKvCIKvTUIIhA1NeHj9dPSOemdPpR0JREdJZ7zjMQDK34/cNL2sX66zVIH0/uULicaSikvRNggSVMNXY14loPfJehENSRs4aCVGagFFY7rao2fTqryd6iAqbL1i4vvzVQ3Ycrvh+InmEQq01ihoLPEE301ICezNtvTv2jauNBdndNb2jBS+6mRlLabIDTlnUim44DeG8ImqfMuaO+7KCCyw0buHNea2Z7HUoUnguadPqYE+6ReiwhgfbFbu+RB2h7Sk9ykYPcNxmbuja6rH0myVsSasu8T42xFI6kRK/CKvWEwlNvFVBAKz2z1H6LaNukjLWzZ2eldAuKhxLSoRRqp94mqPUzflzZr+ZVHXYv+iOnhDLBTFeXLDcJAm0pxGcOlxGnOJ2iHszRwlq8LviXJl3u+VX2iBXT+yXgRsBftZJdB+Bw9pdvTTUwgCNsHYzHZQtS5n8xSVWAMFXg1jjDRe3Z2IQ6MQ1jBrbt08S9skq7ccTmR3uaMs3D8QJqp5mfk7piC/SgX60Dp7EOJO1OzO1O1KSkr+BSYoVNdt8jMTA4+PX31g5X8VZXpEqAK7/E0cNSpWL2lctTs3L8HaFS39EHb8JUVe3wfth4u3GnshEQNgqDxCSKlIiLB7S0ysqB/plp2ypAqrALltjkmQQdZs1rGObaNPXiKW65Gob3p33z/N/iGmV4wT7I2DML0h0H01KlSpX/AJLCUMro6csPPq9X8pGZw+T+ugnQuYb+0vsr7yxzAHl94KYcBb/UbB9h/wAJXJPlRpBCCSKlfVqxGBA/fJkvxDns79s+4nYIFKg2Je3eYwUzete0u4a/3oy/p63fywoim2PsIQcFAUBCK6V1qV1r+R/gTHVOI+sNxNRhcUlBwfy1/kVeSaNDFraexMTMRoY9pngeI/uV6i4f9INC8BXROlUqV/FUqVKlfUCpUrpX8FSpUr/wXkqYktlz0I8W16zP11KlSzzKNcTiQiobBaVAD/jsSsQeVQGhCTpV/wCGulSpUqVKlSv5alSpX8qY6bG5FqqiE1XsIaclTgqsfUggRW2JX3hIFN0rcvcjF3kA8XX+DdlMbwFQ7ISEr/5lSpUqV/G66zMpPc+/NRkJbV3BaPvC0vbT2m/0IuCWNZ2asUseplnVti/iUSwf4xoSm9zUNtCSCKlSv/m1KlSpXSvqIjLEc5Ylmu6jpqTby3jjbMCXWO8oVvhxFXnU16bFjlhrHwIO/ZQxkP8AGrKy34/ZlBD2IPEJICV/9OpUSJK6XLJQXc/mRp/14MYz7TQwRfU/1BmxbjbJoAWqjVxEvVfBDtK5YDSmAD/VxLRr2gjI41ZShyZsVK91+sIAGkJIqV/7b/8AC3xf8dRICt/zND5Ed0PYR7DEoYPGQA26giLqEQ3wLE6sbuXPb/Y/ErHiyFIdKpX/AN3S5aQCB6KlSvpfpCpX/wBOv4n/AO3XSv8A9Mf/ADn/AOD/AP/EADgRAAEDAwIEAwYEBgIDAAAAAAEAAhEDEiExQQQQUWETInEgMDKBkaEUI0JQBUBDUmKxFTOiwfH/2gAIAQIBAT8B/Yp/Zg0kKxytKgqCoKgrI/YCVGAECAYLlAKtCt5O0Tjn2cqCoKgq0q0q1Wq1Wq0K0K0JwEe4lSp9huXBVHhgLjsE0nBzlMfBMlDMcmg3Jx+3KB7EFWu6KxysKsPVWd1YOqsYrWKGdF5f7QnRlDsng59slG0dFNPsjYOidFpQPKkPMuJPwj5ppBKDBbomRCqPe3QJnwidVVOPVDlIgY315QgEKVY6McfkhwnEn+k76IcBxR/p/cIfwzif8fqh/Cqu7wuI4fwbfNMz9lJUlSLsT8yol4Ea4VThnMc2YXjVHAjGFU29PaJTN1V2VxZkLLmyV/SUO6HlSHlVdpuBVFkvnoi4AZRtRALohNVUzUQQMgLhfB/qaR31+SfZ4jrcicLh67KAc19OTrOF/wAkNG0//KP/AEj/ABaoMAM+5T/4lxXVo9AncbxRj80/6T6/GfqqP+qL3O1cSrTAOxTPLTJlXEkIkbIEqpxL6jIOTsVw13iagDclVYn5n2imaJ8XNRAITmiMK+B8BXit7p/mboohuEA9z1SpFuZ+Sq5AGV4mfRAbzqibWk9OQVI+VUhLgO6ILXR0VbNjvkqVEuZUMxCIgpjQaXcHCI7ymVCXQ467otbcM5BlVGtLAQ4SScQiIaFQA84P9uFS8GWWg3R5tFxNQZbYJxLlJEQr6fhnym47oj8kHujqecoAlNpB36k2mAE5rXaEStAiXl7Rovzhs0/OFdV/s+6/M3AHzTybdFTM7cjDWyTojVdMzqqfwt9JXEOhgHVDlRPmITdV4oiSdVdLS4AYIP0QrtcLXNGd1T4aj4tjhlcXRaylAb0yrHZwnJpbUaATDhovODDm4H0yqhBt8sIYKZSL510xHVChgzj1dCDJeBOicNIM4R/6vmnfEUUSpVOSHZVVop5dUjumYbjKjuicqAXhSpR5QjK4rxX0wWDHRMD3VWtg5OeVd01D25BMMPHIZCoSA7pofmmUsSdgqVVjXE5c/boqvjfh33fE86dEyXNGNxPqqjfOVb2Tg+Mn7oNb1VjbAQr3twNEwvguLiB00H2VJsgzunloi1TLXKp8SMlWOVipYJnoq1OnUba5shNAAHKrW88CFSqEvGBzKkq4KQo7qnmq7Gq3RBBM6+w0yAmFcI5t5B0ITA1vDPubMGChT0LdenRU2va+4klsarxAaD3Hd0tA7IOJqAxr/wDE8MFIOaZhPe18Cfmh0a2ekZQFrYJz0R8zhGiNkAN2BVxEEJ3hvE6Hom6v9FU1CqVLKc6ycKmbqYKChBrijeF4r1Y0kjfUd1YQQUKrOqdVbByhUqdUKlTdivEaEIOC1CYzKqVGt13TLHVDdvojwo2Kq0yyOVE+VMVN1r2noU19nEODf19U0EOfkY6dFb+QROCMdp1CoNqU6UBso+UjsSqEGkQdR/pPFrsdU6pUNKDdKFOMkKjbfjROp203RvuicJrRdMSN1IZsquyqte5jIbMSg6sGACi5eFxr/wDEI8DWaJbVz9FT4mo0Q5rpX4j/AAK8Wj0KdUpwIORotQD1VqIC0cE14dydTnITHFpNyNVsqoC5yDXJtaBmSnV3HFo5UD5iE3XlDXNpuLtl+qRDmnBEKrUw4HrICBrGJfhVMBv1Ka4sf6p1YbNHqvFdGyL53V8aBGo87q4oknflXa5zcIVXsxMIcRU6oV3IVT1Qf3V56q53VXORk6otkLwu6LSgD6FXnovE7JxuXlRqNCPEdArqz01pbypmHjkDhUpNN2V4capxqmJGAjUZ5ZdOCqjmmcJgpfrf0TnZMe4KLQdk/hyzQSi5Cq5NrOUFAEo4MIy3WVeOqv7q8dV4jeq8RnVeI1XqJ3XhNT30KWuv1KbWpO0ciTsEeTTLQU0GAU2u5k6ZCNU3TOUahKuPvnU2nZHh6X9q/DU+6tRuKBqbhvZAuzOEWtOrUaB2K8KtOiNGp2KbRqFDhqvZCieqLGtEl0BGo5/wG1p/Ud/QJtFrQRZdO+5XgUupCNKq0+U/flhUD5PRXvticfylvM4ygVUpNcqTeIY6CQ5u3VSq1KfMDn/aZTgZJ5OBOiNHzTVcXHb+0IT1BC8jeyLX9iEbGdv9LHKg6HGd/fwm8NVO0eqHDU25cZQfTboPsn0WPyMFOY5pyOcKCgSDCuzyK8zXD2IlOoj09FFQdD9lc0CILU2Y1lWNRYgWgoGR7+lxMYf9U5rXDqERUgjXumC1oCqVaMQcrcx7DgCgVK8Zsxmei2V1rtcIcmxnkW8jTb6cnCQiqLtv5ClWcz06J/E9B9U+sT8TkKrFfO/IiUBCwiN0wbyhbeURhPBVNpbvhOJC/E9k3icpr2uTmew4ZQNrpQMj30Jz4Re8q1Npl2gXgP1wgQR7PwnsU6qGVXa6TpqqVW440Twmh0cn0S46r8PUnUJlOo39QTX9YTy3bm4YRVF2I97KJUItRXCGajh2RbBVJ4i3cczzge9cMoGD/JM8rpGqLnHUqxvRaKT/ACLgoVOYz7MGCf2GZMBNaAiQN/2ORzhOZ0Ra5Uy+3I/YoHtT76VPuI/c/wD/xABAEQABAwIEAwQGCAUCBwAAAAABAAIRAyEEEjFREBNBIjJhcQUUIDCBkTNAQlBSYqHRBiNDcrHB4RVTVGCCkqL/2gAIAQMBAT8B+4o4Rwj7iJAKzN3UhWVlb7iAUiXFEEiQyyzQs5WfgwdpN09mQpG6zBZgswWYLMs3gsyzFZisxWZyaTPuIUKPYPdPkqTC8taOpv5I5bttAT6Yc0Q1HskhSnFuQQmC3nwkq/GRuszd1nCzhZ/BZ/BZys7lmepdur/iQmyzASC5B0un2wEMx0lZag3QzndNnMFCAVWzPNYQHtHwhOBAlGo7NqE+Z0VKnTdqSqgAeY06KmL+QR4Q4PPattwlfBGpTGrgPivWKH/Mb80cZhx9v9F6/Q8UfSFPYqhV5uaxEQsoUNiVltePkvsn5plUPa6JQwFBrplxOsymanz9oBOsFR6prWvOUqAx8Bf1VLdxwrd6Fh3DKR1VdxayN0GkmyGZNLg2ZT9fJURFNFEQSsf61kHIPazX00+KomryWczvZRm81Xovq5XNfA06r1A9X/8Az/uh6MZ1Lv8ACbgMOOh+JTcJh5+jQw9AaU2/JBrR0CzCSNlTFOCSJPROAymyGgUJlFjDIVcgM0JPQBU5/Qe01VNVTnK6EC4Geqa45rrl5j32rlO8EwZXC6mX3TnMYweCrVmuER8VR1Jt5IUreJ1RMWjS6AzOA3VoRVUQ5VLNlC4VPRw+KdUyvZ4oJ5h/wQPgmODhGiq0ey5utkwuDiCwwBqoAY0zqqc5agHUJ3NyOkiOiw1NznN7R8k7B2MOBWV+cdoZdkPpT5JvdHGE5zW6rn7J1QuKY4t1BhWlUxTDHOguAHkowLvtVWf+Id/qFysH/wBQf/T/AHTm4YA5Xvcf7YH+VSDc9yqwjqD5cGy98NGqbQEAQbaKt33wesfJYZsvJ2R4Vx2QUdFk2UaNJ1kI0nNOYOT69Xl5mmyw9Vz3yT8Fmbum6IHmAAm40VSnUiLiEwETJlAwVzMo1GqbiYc0hxMeEptVlam6GkdmXIE9d1/UTO6OAChYltgqeFfUf2JJUAKRsosrhhUKLIKVKbAB8V6PNCnWcKhg9CU99NtF7gRZtrrUlUGRT8+BTxLDw6qoRLd/2T6l4HUqpTe4AWDOqp8rnNy91o13TwATfeFSIy3QqsB0lGo9269Xq/iE7K+aCg1k3F0wUuX3B5nVNoFmGjfX4oB15TxBYd1S7qELO1cxVu0yyw9atRfnY6DCvfhSo9i8qrSaGHXhdNCyt3XLPRQZUp9qQvpZfZ81IgRpwjg4Q4pwusQDlBGoKfLsQ2HRIRfqDpunuY5uUAB06LIRVaNhDifFZREJjoMRqsI6lJz22OydisPSOYgG3ZumOw8TBcf0Q5Ze8921gqtZhbSaBEa+arYo8xjmnpJH+iqCi+k6pMPm4VQ9hn9ypaFU6eapExAuqgy1CEVKloQylcpmyzuDQemh8FnBBCNJ+ybSdm0RZT2Rp0+j1lM6j5osKuCE59oVOmSfJVC9tMZT3dU3Fnq1UaoqTwrDt+aentlpCczPRaXfY2TiHBlj8d1P80GLg38YVYse8EmEDN/JPs4eKFwqdJk9lkleqObSLnH4LEaWTamao2VZOcYgWKhzxqqPVUnMa98uAmEWUS+XV2/BCrgKenbKGPoOMOpQPmqmGpOMsc3KvVvzhcmt4JtOpJkWOq0JGyzIErUHxTmFpUJlUixuE9uYDKhSdF9UwhrVnYnUJNoCbhxrmPCuOyCnacMzgXtA62X2YMtd0Mqmy7SD0iVFPo1N1d+ijM1AeKo4s0mEMaJJ1RrVnBFk6lBjR0TSWmRZQOGHc1rr7LksfeJ8UcPT/CjQajSGyNP8qyDZZW7LK1CBog6CuZ4IEIkaahZBuuX4poyrtoU3lDC7uQZRZqi5rvJBVBLDw6qpZ7bfFCpOiHLHW5Qa7tQ2ExrrJxJAyNd8QgLCyj2wg5w0JCZic+phBq5TNkaDVIToAklC4kJoDtIXLd+Fcs7Lln8K5T/wrk1NlyXrlrToua7aFSoYqvppuTAVTD1mEyzRCN0FCeIcQibwnU2PiehQYMsZbIMjYLKFHvW1HDQpuIq/iXrdXwWc+SBaOiPK6F3ijktF017ho/5oYn8QCNehHeQr07WIlOxFJqOMo+KOIbsm1Kj3BrWST0TaLKf0nbeP6bdB/cVUxT3kHmlhboIho8oXrNfYO8QE2th6g7QjxIn9RwusQO3O6ytnT344EgeHGVPAXEIhU6hYVWfhKjZaCx/XYqFhsRl7D2y2fkqlQFxgBdU0gG+ibiexFBgYOt+0fM/snFs6FpU1X/mTXUgDqDuhzKg1kfqeNdstEdPflyxPp/0fR0cah2Z+6qen/SFd2WhSDJ0gZ3KrhMdWd/NqZnbOqCflKwXpjF4N3LqgvYLQe81YXGYfE081J4O+48+MqQrELLbgF2XNPSEeMkJmIdob+BWaiehafmFlc4zmFTwTyCe6WlZ3IPRDiERB9/6V/h8PmphoDutPofJYevXw9UxLHCzgf8EKnVwPMZVgsIMmnlzNPksXVFau94B7TpgmSsD6K9K81tSnNH8zrfomZwxoe4F0XMRddOLXEIjZQuQ+JtG60csuZul0QeqlOm3Br+ArP0Nx48GmCgq7ev1D0j6Kw+LEns1Bo/8AdYf+HXT/ADa3wZ+5WF9HYeh9FSAO+p+a5L0KcdODXZdE50qU0p7rAQnNeKbblNN1TIVV4f0umMYTcwjg/wA1k7CdlPpuYUyp7DXWRGZqIg++lNZKDGhZlXxVKjlznXSy/wCLYfMGhru0YnzTmkETxHDvDxTKJqYdgtrGuir0cjQSLpjhGqcWZtVI3sqeJphsEFetUY0d8lUq0njulOpiezKYHDXi03QVZvX2h7UqCgApQcgvTjSMNTds9Oex4blIJzTYRHgqjT3uh4jgFndup9402REj3NuEe3XpMrMyPuJlU8JhqfdptCzu3WqgfUWlAp8Tb2IXVSroD69EXKc4lAE9OEKykqPr0FRwzJr90HNVTLmsVdR9wSd/+0P/xAAoEAEAAgIBAwQCAwEBAQAAAAABABEhMUFRYXEQgZGhscEg0fDh8TD/2gAIAQEAAT8QzCXzFLzMFwfiXLlsLZcuXfp7+i4Mucy4MUTPoTz68elxf4pBl+hSpcX0uXFmLCXHghioYbg94uZfoPo3LgsuprKSn8vOUt6EV6bZusS6IM42wrOILLH0EXmEDLhLly4MvMuXLZeYeisQi+g9Fy/Vr0Yel+mJePRjqXLi5i+gQsQYMOY7lyyKem29y8S5k9NX+MUlykoEBv0BcydTMCDubI4ihOZZUWDLlwYvT1LxLly2XLgy5bUPRYQ9Lly4+j6suvVlxZcGLFuKXOJoIMGJi5gjOZwwczEoHp1p1pEM92Z/wn980CeG/cTpvYwO9x6D8QOp8TyfEV6MXM8vQ1hISnWVdQYenEGL39GUJfovHou/S5eYsZdQcS5cvUuKRYMv0XL9LlxSDFzL9GXLjFisGMXDMMdicQWEKVBiwWco2j9ZcR2QgR3hB95ntSt0zohjhYEYLwX7hXB8F+4A48L+2UQD4/vlXQr/AHuXD7Zgort3b8kKIe9f8wJap0WgZwnlf1LOfKb9EvZ0BkutBaHMQARG2IZB5Bg0bliy6ZcGjcEqLFziDCKRYMGXCLfRfovMcoMHO5cuWS8Qw/iFJZLly4sv0uLLlxi4s2ywljiDAZG2X6DBz6Ugxh2smTEy2ZAxZl+4FhWOZxErrLeB+YZctOpkyPiNunxHp/iX8fOZj/RlivVKMonL4jpckZp1en0nzSUUs6wcCYy9JZ1lkNvSZlwwhlGkJGXFx/APo3CpKeh9N9AjT+NiZZ6LBqXLiy5pM0u9Tgi6io8MvEUjmDFm0uWqL4i95tNYotKl7Li32+91yj2kLPMCZBrw6w1rKWGzMZHXScoqdAsANJaGsPibKDuB7QOEK7MQpOmM4lY+bAqc/uY0odN7flMEoxHdkepqWGTMJSoHM0hUZvK9YH0GfpIpN6v01OY5bJfFRLj4QcvgjTdHlD8z6al+5b+6/wBsUaPtfxNqvl+AnJf97Ucf8y5lh/onLB/407wV3elZ+CZvv2/BGijbJa+40A9blFiuVxLlxZcuXG4xcRu5Qy7ubRSiLF+jMgbhBaMIRIMu456LrAZr3fSMLyk2uVwexEekiVRDJfGYxY6WKfEdiMixTZwQGgJZyJ2lAd18RdOA4GGuIhaJT3IaKBOUth0jHcZaHGvMGSgzwMQGg5QI4FbgHKUHzKWfc1LXuwO8HQ/cLCrfaW9N7MSnW7o6ZK8ofmUA10f7Jae+/wB8O+Q/REcfxf8ABE8/5Fgl78o3ND5ifllh/nHLAPnChXL8J+CXHtlz8HpkFYf65yy6yfRfyzcm/T/3EURTQYnwRK2X3H4Cfbv/AHz7ID+Wbht3V/MHi/hJrg+J3Ja5ZXdFVqoo2HuQs4b8Z/ErzvRX6hByLtuutNTMWoPMS8S4pcvEGNRjUeYpUuncSkYAVcetCtnmAuXwbgsdTOEOksYl1mVJqg/xqJfhV5gIzpK5QhcIAV2HWVjwLqdHhgiZdq66L6TNQbWqdhD7gVhYTpCuto2ixSCbpqudBLnPN4K7SY1GQGC3KEdvrczVazCHdb0Oh7qZLO5uNvsyj6muh2H4E5zu1+Kn35f2z77F/cWyfKf3EOx7kP8AlE1xUt6st6yoQMyluX5lq1O8+I13R5amX9aAJZXc/AlyFAAowRWnjS/NSlrDz+ZZxL/C5lR8618E+owiyqHW1+WVj/s7MZxX++CUN/z/AFpazqDT7ZTdFlC+bTLa7KH6lDDphH0RaMyL1qSZ5/MI9C8y5cGXiLFzL9K41ChRUWtF94jMqLZ1xF26xu1hEH/qA/8AUrs4DfWGTMC9ImoWYqsuC19ozDgQ9lAVOAtlDtlBy8JlaGFUKjScZM3XvF/JpqXp3ISh+0+RJWt5ER6+YqAlnrdjpDLHU8ky7dti2HeaAaCrcXDB7v4lEPaHuqPy15ZR7xXMwzO+iGxeQRDu7UfxFf8AKXAxTb9TANmdV/kJWewD9xXl+y/Fz35rQ+IW/wADdpZKPUR/Kf6Cjrcoe87/AMIb/gvSUVf6HlgQCrr+5jZhdP8ARh1C/wCLEAMI8UfiJ2sKb+S4j/hO/wDiVbgX9YH0n2WZoTsPyqBaf/Zca3bVttgU2dv1BDJENsFd4du61UL8rmZ01FVqzxN2oS/57RRcuXmE2lxYltRQSOGq4j5SurMO0EfLlGqOVjzPtKiJZKs5fBcHFJttb8w+3Ucj+4ggJdRKu8wz6g+5uXEp3zHC4CTWQL4UjaF1v9wiqTY25qWLD4yUTiy5xaTF07UADdjMjn0AhyDmoJSohaNPUR+0vTvDwjjzm8le8OBU8Qu34hLRAMDkdi8xeYF6iXR7EoFZAOqaJqD7spa+ZZWImokAspZQqUsyWQJ81YAKYWo4PeExkQ70gHKwxFx236EGnJkD8Ec2kLcV/tSoX0sqiOeorCHh4ZvylaqkppNMIlRC1WgrK7YmUYll+xKZYrmZiVOM/uZDLc6fsOHWF1/OiHOL6OLjX4T8TFEEvL/IQJ+fWDSdw/EDFDR6LvwJZdstH2w4qAC3a0BlCWLtDXstY7wIeQQDtaYIJlbvRaqqrvBJgJs36c5haDF3Aota5rUItiEuW6L7EudQXJ0ggDzC5FKEaWFT9w6ixhUYcmZYqm+P+kcB0WXiWy5bXpeYxYiiyq4ebxLYW6fSOPaW/s00BGlxzFX0JrHWHxNRzCoKIVUQjVVmF3n7JUJbrBxueIdEIH4b94rSDxwR5HGYJBHVETqVE1YPQuA0Dq0XWXXLLYu+07wcYfqEQ8LpA96iqsmh/NSsUa1OhrUAoYbRKRUVGXK9VysWpirDh8R8x2nvEMFRXMqxOpFuJcKbG3habi7dK7JfhqBolkpVhXBQc77RB5qcDmzWLlZuDy620OzEwG5YIN5Kqr8ISLlaqzfxQoKXtvfLD7zWn5YhjOlXp7CS489SfJl37H9BLHY2CI9xnH/MRtvr+cYZwz3Ffufo8fmY7QXBWTNrCioAQ2Cg9YzPU6tNvYMw1xb1OmqYhjCBXZpdBXOMw0TkEQHOMxdo7AR7FfdlUu0ND2QWWV6jYY+AIFwWgWtcNxdqqVUYFrHDKBTcG2HSnU3UOX57dFIAOj7QciwH4/uf+LCsM+B+S5VkrHpdy4sYYyTBAErKAc0xuyVvjMvD4m48qBuHLQx+IpeLKoHFs1jKMxkB6tiM/C3DfQi7QelwKRTqD7qXYt0T+VShQP8ABTGAp+IhN/bvLO4jF3FFEa34hMGMFIbteRiqWrdwg1ZbG3MRPY9giowsKQZlssl0k1N/rJZfatkGWF8VETuSQsrqO4vpMFsJQe1wOOK/MOBGpkDv+svpZZjOkAXIr7xBqLzP1g5NIaa1K6ZLTMWjBKnQQeNCpxYXAQyEcC2MAu2swvIWgdM+8QqjEgNhRv8ACKmajWV3XpxmYAwdMvC+K4lsOvQuvdka12cfwIF8EnyEIQrqg/GV6AefrxYUC+5cBcBWOsT/AMY7y5wXwP6TYzy4tlWWy3rCFaFRbaqC8LoVQF7amcx4GlC7gRsLyxCsKkNWbQ4BMTJFcTsgHWKbrXI+0UJtEQ7y4CVYpr4iXs3WAxv+4hpY19UHfiMqqjLCGBcYsIhXlH5P/IsAdV8Mww2/sDDUWMHMX0GETklJuAiC0/KKbdfGUdN2YKwNs8RFMVVS23zMJ81dxE2gSNOgGH0uSqaqVXsJ7uvaDV+R/VgRVwB0EfiYQHx9ihnXDgc/BKjzlpeOK3iZdfczcYmkNtSggKqIbsr/AHSK9JXCzgHpCpm+km2y1l0Edc4qqsb5hClo5IsEAPMFA3SS+2rOs4O0rFyo9KjBKIkeoDupxULVR4PMVHlWH7YQ7qic0496WvzKKCWwSoXMDBD2fm9BWjb+svFix9dX0Ys16b4lNwOIHXJNzF3mLGmL6xBYaJtBt3dRCrBnOFUNInEUFvnAfihzqXoACVVNdJQnHDC+Wvy+0PdhCPswzBHIsSYtMiTAFvvBPACTMUDcr73jBYCcxnTTyGGPVKlCPmIrr7xLhkyqyOQOroE7xALdeFzDAP4PRlttuoHc0PbJYlGGO4qA3na6fwwGQ3KgCIoZNgVbvnEFWIVgZe11uKiIGBXh0gjgq3qTXxGSkKZU7Ypaorm2snWWxL8GDBo/Ep403ZavzKRewfhiNZ3TfIqFejHcWvQaMxTBMMbIio6xWf8AEjJd0WlE7lMUhYUA9EykKLclQ2EwHGeXSOaFJFjNq8xYROUX5Yy6hUAg8lEjyoodCXHPENiStvNVl8R/RjFMdoekAEUg5HtPLUvC2xELxZR5qJ2pbAL6U1E50ES+X+0Bs1Eq3K1MtEwihx3jeYdCkhkdC8sSM22rmrTCVXLDlOs0K/Q3AvuWrgEerRM0gP1vtGznbctcEMbNEp0KffoIVBT1m/AwwAH4S7Pk1EuYelqveD7qFwLAXDg/alg2c70/KoN8yvopZEsjstsTM43EdFI4yrr3gmVk5DaLuxxMGpaHH4NQcdee1NjownvWy8x/JG51pJ90JRiyAbFHpBRgKWG0EQ3V9YkNB0u55NWAxfdF2gwqb8HvEkj2xmObJ1a3AhCYpFtKI+mrk3ZbGPEKhq9RlmEJuArkgUeyGvmI2oIMddwqRrwV6twPWZgUi2zvcJNxuKsBMZVQrplN0tDe7D1LOaFzCzMO5jgMptVAeZR035wEcFssgmVqslbai8mFIwX1hlQMnh0HZIZH9pSFw0w7rgFzYm1OcsQNq6KCiw6XGQCqjv5FkCFdYFRjGtHNbekL1azfkdzbQexEnA0S1clxXLxKrW5O6wEa3LWdxBlbVGNHUFINQphTiPHZBYgN3w9pWAAzgOhg50FiVxHr1gd1BCEMgYaVj9AlBwH3KAeAe8zYO5/+zMMSIWPvLV6FqjvuzX2GYxmF01useZyO3bWS+YYZIDZ8ke1Hj2ijq6GhD6DcAq6PyGJ7plm4TyrAoxS8m5WOWHls7HTCqh7TEN62oDmFgkNkUFqBEtLalBZDory7OnvRiHSz2zENUg+wfvLvSTyGn26zCzR937ttxJH6HgM8rnqQ8MGthLBXkRsl1AU0vedBAEx8r3RoOuiKLaV8sMFMNg+IfkL52eX3F90gDWTp7yoVDGm2I9yMBgGCXdoRdVcLhTgDbtKpKccwglLjRD0Ob0gaRhKuPJX2JWjBxWI660DfdH6h4AEo75mRfxlPQY6mEcIGekHiFwaZV0IixFkCaCmmDJosiDeNiWFWjVBmW8QCIVQ5gwFUAHKx5vBkUFeVjQw0abk5SFtZWXruEahZOckpHQtDC1GGrvu8KBNHXRg+NQp85fykHOV/zJQYDv8A9I0od5r5phLSA3V46R0CFrbIKvtDxs1PFTU31PE2qFnViLlyxPKIlhzUblUV8DKndhBqzQOPJMXMKtBTi+kJuwPJwW+7LA1n8QCbKHdUQvaGvO1+YcZZW4ij0s5bDqYMH7NZ5IR0xNMrXaDxYzJE48ohhDGF1S48yiVp0FKTFlFJse4LQVetCDw5iv1r8GFFUo9eYypxEzjd1Wok0MaU/IZDCUzeU7YxCHIorBZ5DZMKSVUFFKZQTFzWdMTP96feOPSxern9RsY7ZgRKUnd2nCJGayficiyiLkw6c9ZhVvgqVdK5rVQ/R+csXVThNsejUvA7xnhfU9D9ITsY3qCwHlOtrBSnYgFJE5gV0n9SzsqqdoAuSLR2gpq+hOcsTEopQjUZuukdlUqQ1fdxHirMrGYCAQ0Od30x0+DreOpMy689n9Q1GUMZfoCDCdJCRpFX4l2CSOouzLLmJFGB3Taykiyji/Gag+bCmzs7UPOiENnYguvPgIpRHITKjM6ElYlRJEvhIvIjmELCFrIkOrTy1qHiAJqUnlEJzMKJc3Cw6TIFa6XCxBVB2esVuUupSZSZo6QO0ol5SpkwMrlmamNdupUSNIiLAUB5jXSo292LZ1X1CTYL+E+Yzsj1mUIskQmy9jqCdQj2fmi0SkKZ1X+yBpFVL5IONIa3PBDwUqUW1QO6Kcq9tCvs3E4a4EUT8TDB6TJYSjPV0gGCC1VKABHzsmTEbSVa35maxXXiiGYHaIxuPd55IRW5tXCym6Y3eoCz9nDWoL4OYIC7d2A+yLmOqbYn3KzgQ6FdK6d5fVYiUDOfBzFSNtMgsTq0g0tbsWgtOuCYvJWIKuoHkCxMvWWtLCieVYM7J29bVzl2D3hA7bEYKyEE9xbqYGgALQNAj6mxwg2mcC9rz3lBut3N9WXFm2OUS6VacKFxar8hYld3QHkIMRZTKrzMbCzmPeHErZZHD7zIvyIq0XEbdmpdWiI9uYjBWku3WozGHIdGgzZzFZxh7fJwvLA0csc2vVjY1cY+BVboyPZ2RRk/E58niEMIMzbm/MFbStrPTEdbDTsyRZ6723wL5l+5lWWPDrAoO3SDuLLgOtQXXL8RfdBrjMdQAYvBxftDKlzqmfdHQOIaRx1CdYnFqRjQzWWtTHpbdUaD0zFQ9cylUE1Qgrf5bqypDjc2Oah8RBbZ8bm+xr2PyeheNOIf1WYFjotvjUCBmA2Jv3C/MY8ZU4Wsi5qJDtB9KCgq1q1acH5xOcUVjZRL1WYaDcUM1Ct5eg5lZknDA4ibFpiTr071zFX1YWgoB4Ryy6X8KBhV9CDQnmMDZpS0XdB2OYTaih4dmBiWw4hKHAJohgL5sY9gQYiuwH8u4Mrkw/WARxJBnuCmxZhGEhXbaAFHXEoZpoQV/qFcrPt2JfiLWCOiEiuXqCPa8CWakPY1KlIdsAtPIcSzBs8Xq4WazeDvKVIzvhUKeY1Z/bEzXo+5MBiAQRlzKiKhvoXMCa0uMe8SEjkMsraAm1/RFtHXUVB8CCmmvylrmsAF2N8RTJYzsYl8kprEdxxpwbZObjLz1v5gzDe1g/Z6gd81Xf0tnhFtmDEezNMmLlJxClRSwATQMwAaslr2gBkBa6PSFcXjHPuObae8qvAmlW0fMPRII6xDytRyuEctZ+5SiMLAYnnEGJhlxdxiC/cp/SUh1lUJ0ciMINw/4MkMxSckaKL00OM8Zlq2Erf5VtvSZ/2FZerrX7ANsLkfYtMFXatdhMh3oB0hYQQdKl2FrVeRxBHEwy4EtxeZp99F4qxwbigyrDsLXlZcVSC9M12cwa0AyxXa1ljb5bfjsUTNJGw3zdFFPSoOoAART61agbNlq+YrW7Vhuw6orApaIDMcEtOWXqQavGLhfNO0LQesuYCjaSvkpDCllizm/EMD2c0CUO3xLzoihwxrQhiZ1LAtZq18QBnYVwyOveZfjKZFVG1QrogEmcnBaU6heYKY5H3JvlH3T+p2WzdEbYRGbSpiQPWpq0ehll4mU9o6B5AJUHCvmW0znwQAeyOUwm39pn8CNc0OY4ptvsxK4fMS2JggKtpvxOIxzHVSRYppe1irimBbkNUeI2qjC+7mu0GVjbU+zzLXUCFtRAvmPMT3T5mUd0MMA7XyQEsf4YkXwFZAntGvDKhrTJoz1lpl9EAq12YuUPMbLfLFbJQgcrGwK2E4TMUpjWrtnl1jYfqMNmoQZxULJnEwHEoUHvctlEEDyYMBzPtiQ+pU+JXXK10/7MpKhlm9ntBy2NlPAAaS09ZTwZ4sEwzhpNQ0c1fd6qpyc8mYR9Xw239QdncYG1wMrTMh7naUIADGm+lS8iDC0MxkQpRV627cPWHPqC6s088S19CXhVtf1L5KWY4K9vMVjmNUclKrwalSFg7fabB+SVNS2sZewWG7riLdEAI6eNgMVjM/4M0XbcHY20oMVnrZqHWCIJh1WNeS1+D4SgrGtCpDl8ockQqvaZrR0uBW/TS67354j80BZc7+ohytn2REpp3LcnbhJirsHgmUOejACfYEmyBc4TkfqGOmse1UXKvihi01WLliqagDekDqwQSMJodlQSklZrbvVeahToKKOIAe/vHurmJhwOjoi0EJx/UK/Sw1bYF4AhZvapH5IF+AXSnkYXC8qAHSFowU7wY+WGYaQUAM0rmOvSYqcnjtAunF2XQORgTRiFMWkh6R/MaxniEt1lVTwtAMqw/Ey86yjiFo/gvuJZCjj+6G5Q9BT9yzZUVOGoBSXzK7iAfTcNcQK0A7Xi4GnFNXS2qvDhhoILnYtdXL6utTPNqUY21WAzrM/wAGUg7pgmKlGYT41EsEC0nfucxHgy52VESyHzCpUaHaStlDPNfkI4uMCnWpT3Sk+9/MWYYUTO64+zAPXUhbGuRz4h6NlsEim+EZxjtjlAbdtAwpRX1poQbu8uzDGMVi7NlO3vEuuvtCYV7rKw7mK1ui+KxAYaqgtwnGzhMRMMdjvQ+yS6qRFaGuD1aRlYL5nSvJrk6S10wKlLimzo7lFEXarJ+BqI7eZZNjyAkPHwtkUnINqgKGhyZO0WtwO2ACPCwSnWkB6HUvLHIjik4hb3i3oGVaAggwN8sq4W6QWV6ZfeGIfSYEVq7XHeCx25o7Yqb6Nb7wOvWMtDp2YHlpbRRMD7yyVCxM7yCQD6CjsHVZmcK+kMrt65+ZSz1xtMIUZlalZZjMtEaPHWFX2Mq+0zCZR6y9lS2YiBlMbqo8iUMAQu7QpbcKD8QgneQ2LBphlfo57KjlMRrK8ZgYjJ/2LdlgvPJ5gRNK22MQiyS9YmmYq9SmIEiHffZH2v6lfyQtpHvWpXAzlOUq1hIU1DjHLy6vBgij4CLgSebHyxLvwUGPsw0ylgUvJHsienOWvtCY9XzEMZjPRdjxvt1mXSgzvKpdhtYjwAqGgo0dVUvHHMAwz9w56dTHITvClW3sgtZ1FzAa+qpMuxKkMDtS5KeeSAsNesn+4giK2HnPJ4ho5u/qMMWpA7L7JtDoA17V795TdsteSc8N4b8vTox2Y/kVnJLBy44uXY/d6Sw1jVFdZRhYSPcTPwIJBUK8IUsvAW3LDF92Sy08lDfMvM7o5Adi/KorQWmauY4RU2QyKhiopqjPQi2+5gUKLt2yaMuHUDgjzC6jyHWD7GCwOrFB+YvF4Y0swxyXmYVK56Q4ajZIFvDt73dYbBhQIJxaRqtkAAKrQG16ETSYFrXDJz9xZ7A0tgJ1MjK576Ay2U96xKuajQXLmrexFi5eXtL9y4whX0Ax881Kd2tuiJ5orV/iZXwcz0xGFwDPZ1KMQPFEKbLOcrE5n5AM/wDZIDD4jPmJSUvewlAHFTCVNhfxtiCY8h+XMxYR5PdczQ7E1fi5TvQGd8zGucx390MCdl7vGFr3hJpoRQ3iqlSYU8eICwGnluWGifBAv1gDwywpbScBlPeVq3UtPU68QRFcQekGAuCKLIGUuUYpnPvMgamXmCCiDp6xooApH8VKbkE4OuficzXcoqXo4I9mLkToBe5TCJXTLTshwjjo1YOLmjEUrBczIw/Spj7R5VufMH+gnKyg0ddwj8y22/bLLuBBQsRuHxKOYWkz5DipgIO+Tt2iyLOfiOCWHftg3FcrtgtPxMCK+8X5QFEu9H/UH9oFhBq6A0VObTk8RWksOupMni98wPlgtsWclCOG8sDVTROwsgTNwE3pZ1RotLz3UtVq/cTD2ilkq2xGsdxIqUwVZHA11NMvSRjcJA7W+ooV9vLK8LUuIOl8j5h7sIOGUYZTajcCK7NEe6ireLgTfLmZpCKW69a6SlbQyoF4hzdVxHXNNBA2uy9zMP7YxzDomw1AG8SrdcH3JWIozvYegKl1dtVBTZzBaHQR3UtiO4OQDtl+pSHoZUOg6HxMq2ArdYQHtbAuILnvYKz3Y9kDbJ93MdHd+I8JwQUSmajIXNFss/SU0IBVXXCo9nrgofi5bKzYLfdRNtdET5Aii+cNL5WY9WOV3EMtqUTsdOhmZFnqfCh4L3Ni96SPamXdauP3MudOtkPzLigHr+a4q4etD+Yep9yr7j4eZ/rsAn5f7RPRhhhODYILUTAxaA3G2nYVRnpmKUw2oqxRi6hDjKYKPTW3xDI9LkPjYwIjsGR69Z2gZTZs/uW3kO2a8TG5Nz/TpMgha3C3Tv3l6OHOHTUxMOWTU5ue7MXgEUKbrEogpq0aWJUfWL/kYhoni6KmgVogDNowDzyR8qToMfkjvbFAiN7V8QLSm1VSg64Fhfyw7Z2a6RQSnJqboMB1QphcZ+aUfUdBnnVHWfjZiVGrcR2VoLN3N8jzVQ8OhaZ7Yvl4IdSutZKFoAaJu07IyilvbAy4rcbAXoc6LpFb0W0CMi6HNLhWGNFULXgdRcfUFtKU10MzpDNBVb2C6jbFtw103BKjixlEuij5TWPmjn2IYruKV7U3zFdNasXClModTRfQrfOiD0RWKAulMVMrCOZL3tzFAwDqe90QN3htdL7YfcS87Q2ctgvzL8I0MfBaEtTwX2P4lMRixkaAOMBLAhcXltR13EF8tAsFDA1M20m0VV+JcuGyX/sSmxOIV2wnJHMepC8Lb8QAS30WIFr8ogl+EIDX3oN89bpXASlobjK2OWzxGZXMAk0Ca4I2AByf8QrD+P8AmC5fb/UFp/EEn/b8w/3P5gzq8zPc4NczNBzGG0D4FRxgrb6KrDo9ZWCcNNgpFe8GDIpUMVg4jOvEC5yTmvdZy0YFAOAXd9GGFsjGy8g1N/h0vj13RDlUWh8Mq8nzHpT5nn9zKMua4Lj7BMv3xz7IoCnYf4QN6lXEBEBnHmIk33LQf+CVkMzmrfuK3i7eDpKBRyWCNSy1rcoqU1vELLJTcoKgzzX5CLJNFhjuvwwEmqYF1Kw/CAjEg05ZVTBDrKU2AbXyrglSwfOt5dfktgcRBu3kAAXY1BQJi4zqeryrBssN4J5/BFEIKV9tCmNjlzCC8YeU1Y5924ani5uZKrlPaBlFhdjb6ZYKfNYjOdcRKSlFJ9EMWmmie+TCglWi+Fs/E9w5kMnB80B+P7iMU/8AU5fuJm7lz7McaJb19L/gJoiFTQJAinsa2L0lShAi2fgO/JBJ310+ohVvotMALHvCTGJTUPec3fOYbk9oDa8MRVh4zF7p7ThvuS/+2AtJ7y7UHSJ2vXIOk+ImIlMkRY/vijkMPeXmv20F2Zr3lk0FrPSCTcoDR53A2DkaBf76TgT/AH0gkF0IeEIBj6RNzAGHOGnmL6fEbynvL8AdWUTqBt9RgsP8YlIX1rQmCDmDAqzazMbLYy1WcVKxy+OGn2Q3Nx4Riqj7IUC5KfJiClhUHzh+QinbB1GlvdY7GZQYpuuDNzslAtKruuDUPaFbzs121KAng2sCglqo2lpbmtQAS2bWqGwXDleY1FCKj7X4EkPuZAPTMF7rfWGV7abIWXdRdYUbsBROYRVASt62ltyhCFMQgqx/gi94M/V4Kosrll+XMpds90uiv4rFJbB9EDkPG48ZfmIWIUcd4Pc5KnHImv3FupW2l5sMJ1hgMGwR/T2ZQrPMyrnqn7lPcnNIb3eDUX+OLj6s+RUFy/bCMrwj+JbvHPMqp3UT5/MoP3QL+70bgvCved3MG0euhyKC7kGz8k7j5g/LDriGiIhkg6+OT8wNrJwXfUtxA6lfLG0V0p/RLcGe6nuxe3OxdfBBMdYVVuYAX4joo2VfzuYkVRzzuBbWCyVLlR1AJLB5W/xCuIr9OJ1L9YwFvh0L0XzgyBpwrEecEDsqAiVoHC5ISawplt9JOjBgIIG6ooIct5mUKaPhauesvMeA4JyouJwhQvPAuhyLhQQAAAPwL0vUCpBjLTtwGuI9AiqcFHdEq9ZJy7WBkcl1FmtzKOl0bEtLywazao0XwenAtrVmggDUkNmyAO3SwJh8gZBtcXeCselkx4jJphgwsCVyMJvAfc2jMvDoZKt7yqAKFWa+SsY7wBaachnWqsZhbSK3OHgDqxirGFqYWVs6Sh0ALWvk9r6SzfJ9QbD53LxFQLK7m3ZmAeEseE6kNxcrJdc0oS+0wT66X4YP7Rcfdw2AHFFHgXcJ5+GGiytiGvDLR3IlRHIFzqeyQU9sAPwxMoPhoAYPhUz5+KC3PxE6bexE2skX2Z5RL/yIcv8Aea+J5U9uqyFh/gesv8twSkstR1H4qMKLuflDunxHmGFEWYhgNHV6EayuCA7SnLAJAXNU9xh7IMnfhcUJLzXUvBAAAAYIOZWt5gq2yhGWhM7HcRBwKHoKbhZ0i91SolxMff8AoOIiiF1al5S+2alw4lCLZbFjfsgvoALPYLNdH3KKUgsXrPRNgA3VQ9bvBAsYoU+SYQjWdY0Z3Dw9iiYPmEANgm0d3My5XoouAaFgPkvZGRUCi7Txdy3SKYIcgPMU59iU6PeJ6PEyO2i3mjv0ieBVDQ911HYRpSxsx0ekokRKKeSVo7QzJoFLdHQGLasoQXGC3C4UxYO1lPD4hsIsylLaAHnNw9RouWhxWk4lw9SIzCumBxGBGW1zvhr9IjG74My/0SW10+VdtQAVZb/YNDuQ59ntXzEH1/1wd/KF9x2JvKhTMcox+UeS/qp9kpYs3V8DGcJAdW0S2xqWlDJtNSt9qMHsC4bGGLoqAUK9VMwIX2ESELn+mGmT5H3AOAMMVfSXbv0gmghg4tqVrJOB7sQB7OIZiv1DxCu5GlFXQFv4j4f4BxA1c8sPvc05u8mfEt02iAeVhVVbax37fEdGxQLSdMEfCTgLuC0rc4b653Ud3uWlYvTOMxFyYBe1u9WUSsPS5SPXmVpBvp0/7CMeMmblNq87OPsQZebTIHC2urgLIx2VZeUbPaKgQ7W9cFTWJVMsvIfn+YkDGmXWObZZ3tJD3xuJ2hsv60itLK8uV92K8xucxhjmW1qW4IawxecDvDnngmEs7sXwNHaLXNnzBWRV2ADyysCZ2cg1ZAXxNv0APYgu4NkUhdNYb5GdcvoNNLPxDElhCxeR2RnqV6FHwRFLAIW2nrWoieRD6XFUmtuA7EQO4QhhmxT8hEZCIAFKXsOjuCk6UQWQrqGN1lgopteJZB7IWul0vyR2PLRL0cI7ynvMUzYpOY2UaCsH6E+YOo3b7LZXmEWMt4U959Fb+RP9fjxC1UN5K+uIulAUUd5IW4hZ+zcwt+JW28sCDIWv7UsDXBF/DHIbql+xET2/6uPXBxR+RPnsv9xlBygOHa8Rm2XAYON4ekH8aK88yeY/wckeiUccka4JNcumq0yxEMZf4EEDoKHU5alDMBAnvpOSfR8P1FjDXjEUGHBtfBAIdmx9pgQunS83CceVj7jyx+wZ0X0OojrOEKm5o5nLIEAjiqeCMaQLsV624KgkCWh4HWtQG6Nb8Svqm2t1UdTXRzuL3DNnEIMtCreU+4eI5PW6KhFwDwf9g5rKMRjGrqFGivEtuWy/SyJJZ0RPBH5FHVxHQr6GZ1b5nQvAi7I+ZmYsYPVcQl3CXS6OtcwVQYtCznBx0lNmLLS3PLvEbVWUSFgrBZMBjBUAOW3MVmimavdS68giKtC3yXUfKsLJQ89A4YRB1AkBXmOpBbM4yB9h3irdAEr7o7R2GGWt13It5HSyfEqnEjNbLXJy8S+uAoddIoL0hENpS8Aj0TpL+CrBLMcJ0hQASIh0BR3gxTQ7wqFWPkvCl4ep2YsdiDK9y15+EFXVneMn43CL9Snyi0xClS2VR7+5HCZnCsT9mbQ7bB1qN6hoai8JwksmmeSC+jFeqpW6+IgDeukHToNnL3ggeABoeiOtWoKWdT7nMqglc5eeM9yNXMQBocpzH3JUMQdGpb/ImAwb54p+WW9LBJ5KcPZNxI8MDr5JRqttv4BHKWFkq/vqKoKvhPK9e05X3aicWdYJUiWKqx563KSJuRQvWlywDwtRADqNso9ixPgZ5YQiGBfZLjer2sejI/240DKYslM7WS34JQY8Cj/ml6esR9LzOIRCPQQNENDiyyVsJ6DccZn1cEpUT2I5lfeN8xHCgDZEugy+dTBzqMMON645EVXniL6as/cLYA9WovQ+6DY1DjWnCVd4PkRoWVAC0LyhzULQYLxV0LPPzBTmsDd7KePaHTHWT3KLUrMGC3WMJ1OkDaAmBZKoQ47aiFTaJlnBFKdLgjdBfOpix63spQrdOkCh4aGW4auhybJd9aFlZLmGI0C+w5T0YBtnfX3DSKEADkrFW92GQG7EPKYlDQHj0L6FyvhRoTo+HzuKCTQNyd3bt8oJYWEspwjz4gwfQLapQ3oPjmWJ3pY7J2MkM+EB0eYk4s8x/DFUYSul6hZtwMBQow5JQZ+jejXNPDEnI+5LGyvMRJJgOHQ6xxAHEyCuC6jBllHWYYDSHCXM4UHA5rw8QSya/IvwMvzB1mA5ieMzFyWolOW+HaWFAU5Gc306EF0jlMDqeghMbc2FpsgDMApX5Xggluodjypx26wpUubav45nBDzKx4z9TFoLoyzMN1Hf1DAHA6+zKn4gBuyxwDvsy4AregWPqJF6puwdED8tyuMpKRVXRdTOWeSjEWSHq5+NzkAc1RLH7yJ2rFOUlS2WChWXNGzWhWFJQpkQ2JZEK5S6QAMQ70RThmgw2wtdxOh0Yh8KlWFynJKjgoenE1MuYfe2Jlf7iyxm+LXUeTAFT2UCY6MARgw6dWA1c2nVhxyBBQPKWfiWmlsShBDkuVwrRWg06MbllIqnRS6UhTNwW1K+SkA95zpyYmKSA33MZ3QPIGqDbbIBGNyruN1BXW8wfoiB0IfpwfMVEz5KewomAIGAUfBE1LtQMvcNPcjDhG9DqOkly/VBsj1XOUAfI/GO0sWZlxHv0fGe0GEWVTA7L4R1DXynaJUEtQ01+JQQt6RoejG9M1FXc2d5VSiCwz4ivqKAXq3R6xfdn6LJbJ9BgJU49GOUdjbSHANh3yOIA08t3JbBOTDOouyB11L4YpB4qtF4MRDszOR4ihXGHBACRVVoXx3mNI8h+YGFligBfcsz7TACmJhL0xeLXiAZdQd/IwRLB7INm3VzKnUufyAg4OHKN1pgktYB4jbjUecNbd/RDkAaqr2xmC3tlqGsOnrDhtiqHF0ZZb/ywR0JcF6L1AxRUpkhKELtmtxQHRWsaujuGmVWEKAV3LZBWa1MkigWjFEG9MpCVg5zBWHLe0blM0ICU3VHfrG7gIAHDspEjFqIJBeMro7xXi6Sv4G61BDQA3IFZPxAA5Y4H2qtRQlPXiBi+YnTg5pwIq+ctstgxnB5iQRy2GWdOrmINQ9nCUUjzaVK9G6s8Z+JSVO9EHspfWCGdg53nah7XCHawso9LovwSoHNi/SYPmHgvNuz4UfNwEVaAHwQFencq81EI2ClpdkVTMDcXBwAm3puURIIjatJyMrrfh2PUeGWBCW/qmnc9alQbEt7Npjn9GWc8ROtbThthK27bvwT7jR3z/q3UhUt4GnuX8TIw6FDZfF38IGbvCBVPUcQ3qlcgvTmpbYXlPDqSnpE7TJYqqR3Ep4qXlHp5DpzEI6qKFGXqFqGQwLJpdZYtKsYkpErf+ZwI3aYuBfzjfQMRYhcc/czRG9j72FeEhyIbw/q4XwMObDtY7Fy8ksRQooeIzRwS8YUWEM6CICqRk1TEWXAOae0Oi1oAHVWOxfBAI0YUtzeYqZb6YcHvAiRaYNpyypTqAs76y3ODGBS7OoTMBl0jDNHsvEEfLmApG4GQqpZI6OwWFusd8ROEcFiuqYsyQWzOHdDdjo8wesVJ7EK0QmQEnQCxp6jctqFrIlsh1AqWkYtd0WuekREREaRNJiApdQhjwpMxBWi3RxKZWIJ4jYiUGteRbd8o1HLWdq1csEc143BWI9cn3iJDQ6FsPBohAyANiNI9oPhP9I/MyQAWI2I8jELlpIG1t4p2X5PDFWcEOoSt05NIplVZdsDR066zeXXFaBc5trrpKrXxHEz4lsF3FhdrfncLzBtViORPMdpl1qimhrrERmGMtp/yUdIx6ykGCnKV2WwdkjdEAYjln7j6TPUQOtB7OnozMoG+WMgYKb5o6RXQT8zTcpoI+5naoxhFE2jv5lDhaWl07W+YyXdrSeI0ZJnwytFaijpgAXEJAPIUGR6Zi1o0Xhl2dC6fDwjyOGBbWwcbd/PXhB9E4gyc/cdd/T+bseEhVkjtuDtp0F9SwobcTireD90DsbFnsw0o6sb5mAIFYoMQmMRup+Uw94Wh0MABhLLVQaGiWrjWIGCkciAK6tbtslGqQwOWDd9Kx1galVbNlCz3HMMyhkXIUGn2h9KFa0PkHniYTdzIYDTXmcloo9jTcBcJd4DbmUtIFpVCgt6BUQhV9wU8sfMtqGBpXjhi4LgDSKJ7nqRxt9oPASx66iBjpe4gWpHRgfeWECM1Sa+dxEvnT19SC3DghWxHI/JuntqFrPs0nQcMVuusPNSgmSOObzs4lpvwFrapt61cV3FrU8rOoIko+YgALjkeWDo/f8A3hHqlXLdr5WaBLoAKy71LRc6iJK/7CgbXkF0Kqx6Gjvd7Mrh8o2QPEKMZKnLR7ymtwKfdIKThg/i7rGFP1PkzLKBzrtA0KFgU71El6UIOURCyMKgtyzWei9xzZaDI8kHV9IYNqYBzDqREu00clcss7LpjBxuEw40y3OYF9IPh+4KUuWbFFMlvaW2zJGUVzcAztkFpE0ktaYri+Dg/XTCLZiAlQ8wKjQBy3HntrzyflJaQRsLfau2NICoyeIi0Bsrue6/cISmB3IfFQKvTR7b6ZgO2vYAvXJa0QM0UkbZp6OYhc2YLEoZsRHIxCIFE9q33HbGFVZRXuYEhd0NN3KkYFANKtMLeXmZWpV7AtsaxCINStQ5RsZxYcDSic40wWS00Bb0DBLYkgymiDC95WJllOWqlNBC8yOcINaRWKCucufqWrJVXQFW2MRbcvVzOJcRpT7i1Rtaf094lb6+hzC1KQtTsJsOg5IbqCZXHc+TtuMuvaBUIazHsQFCeMx4NEuHuqsPBonZjxcaa9YW/wBE6ptbmJFzhDpINU6ExocRsDuJycQJlLFxkpodRzGxQF7kwoOfMO31xlXphzBmwJzXHsEHpAEXB3F+aiMVCGL2cPab61jwqRWUpzNpQ1el4ZmLoCCnb3tmOtpQPWFqoSZBtrqdYpjIt3GGzuAhFeWrIHuiMR5KxqoUxdNra5lcdorhAVomKHNxiysg4U4aeGYMQeqa9UTIs6lSpNr3iMhFVmPJvUHQFhYz2mELrZBNV1GU/wDpVj4ORfJCcSBJaRNxjNQD/wABz0iyoiqFEv0K/J0lXjzUH9veG65IasqEjBVr8tDwxcQznlwTumHvHGuH9xcqVcEb63mpwvUE8gMj16wdSS8dwzfJmKxVpE6PSBAoDwRwNSsyaHCVKiFdauUC0YtZjOpqDqhy4uUhaYbp7zTZKTsK4O/eD3Arqi1wGW+hh8uZZBt8Fvy5iqr195zAxw7RxL9BiwjkdkrMqdKySmZIUEsCbhlFY9R14ENCBmu69klo033svK/UoS7oLLNL7veNZZDdczVJXaD2U+IBHH30/ccydJbLTZE8MCQBEABOTO4q5vhqfbDguc15SL3ERGMstqvzHKUqecn8zPQYowEZhL2qu4HtWfEtWNkPhNDYrez3QWGCixYsR79JQrYwnfpLg48a9oSEoBVU308SsBeyOvmFb9N6Lom4VAkOse0K9JpcU944CC9t17y9CsktU8MYavJRTxeElSmCU8DpbM+1hV8G+GAx5uBR6xa5ivxG59kgoLTZlu7tdRpl1lx9eQ4HI+hrMkZZkGiIYAQITF5LCWoWL2qFvjXs38wuqQPkmUcufaF4bbQr1LgIJJYIGnQblBRQkLshmr24zF3R7so0hSb7wqsnKK5Gbo9YGEyowuTOl1RVRspdHFeZaVsd2p5XbKTCtBn5WAxk0Fz75qMhp3Qt7sxKtbermI0Ij3nEA7UOtXMRYYm/S7Aox9+YTBuClUwWjKWL/EFQvFc6OXwSyIHRm/Fy/UWpj6BZ8afdBhaGgGvFQ97lXLeDh8HEZXqmiC0vAhRRhpUDUJEFKbBwIv0QLK5hhhF8NzJqDJShfBZAKudxlwHWNwyZnWMGh0QeBX6g2R+Q3m5pfwDpE70SlJte812phkhxWHAQ6K7xuoZPkyFxcSxUGKqytTNJywJ3aANgnRgDyBTw9plerNNN9adkdDyyNlaSoJvsRM3V4CHsLi4NncdwCBW2OT/kRRMFOXJfWDoXRx9CSgyoMpjgeGFITVKOPLxAnZWAVmzj+og4yXQQ7P3ClLnurrTF8pdEiWxC+1P8AlfIjrGkTDXDyQAgSogy9PSGmo48QkaVFnPH9RElhdTgXyfcYGr7dYLledNwVdSm0K0oKLWvMWSn1+IhV50OXgcpKbIeEArKBvnECTW2m1fplxTQxnXOeXliEFW1W1e/okVLZydKezzCRRioXHd+C/kSt/UwHVm4rWqrtYbMX2jQbWXocX6C0xKr9SogCKuALfEQ0NSnQV1Wj5Ze2uuMF+WYaMHTB5VgYsdHR89+xBAIFMl9xZe0IRazQlvq7S4Fmwf+mGMCnKQ8BV21KrCGYIAmYGBttFo81Cgkc6eaouW9A6pPtmLcHXitKRp7TI1B1Zy8muZZhAMEXLZmqhzSKuCXh94LC8UCqKPFsQKErJBV5FbLNzptt5KPHpPpEWrBWr71MlerfzBiCCYZkZgALNMAHOnVGU9IUuDgL6e8eczFmyVoTvzBhrh6A4uK0Ie0UxlGoZuDiqzKkbmwwz7xIDQMGzsVcqwXFBWunmET+hXY8UmZh3hsWLr5gG1rbZ10ZqjW3BXxKoEOH9KGiqNlYYVQToWh8xGtJxVfXe5bSihSWHDnI8y6iG7UI31mAKr0t8ynI3u2ewTivNwooeCj3gZ9KgQ0haYVJLDCYiAN3VG/u78wyEREeEhBWqlJKDYAoUN11lZWjlsOwXcrGDLaacC5I3nvmYiF6yVqczcomuYVtXWk7nDAJRMno6nZmOSZX2lS0FhbuXhFVYbPkh0JYfaOtBliqxY4DNvaCGXZktx0NEDVJdcvsEMhSOKt8GPmXY/uj3xAdZ5T73B7RQKvP5xgo9mi0BwAYPQuMMpaye+Ihe/E21MhSUGMCUycJqK1O5AEYG1FXG6CrcXeDxkYCyNF2y7PuS6Vqmne9q9wg5YY2RsfMqJ9QVAOCzVBRKwKjFKvReXNRELmDygTl1QIBYy5gDT/ACdX1CWiAI4sR4YoJGIE9fB06RaliYfeVqLfDNCBxYVuctVgjl3uYfeABKHG/wCcTVr8vzAQMGrDK+gk5gYaFeCQWi9iBaPpATEAR2SdglCUQJWJUqJZUw3XphaIS7gjRSnriNFTQDQFq7E900cg9cRI3dvXb8sdxCNUYiQlSoxhLGnK6P8ATBVOEgzEaXQ30U43BbEWTHR4hQOJfVVqvv0mCuhzKixP4P7gJoQ7MAiWGMZ9yrc34iAvp9j77ZnFSxNXYgpzG41ezfvC0pgA+CEMUhnEAgekv4i4rTM+28QDiDPEb+JYhi2u2cVkoTBgwSHePOrDzZLDhbcGA7kuzvwVr+TswyTVSl8k0SH+KrC0c1bgWNoyCt+JECT2aDah31XRC7du4IECZ4h3lOkpAehiiIRJUr0zMzNxlvoxIEqBKgQkiKRsM2YjHV2Fixv6C7dkjdoiJhHZEvcQW6rxEmqhklVFlylfVWhWFO+t55dSdf8AVLuxGWi6O8UMlemX3qXtD9oLpZ75YQKaNf8AETu3FK+Me6AMGl/NOH3CgD3L3de0IKSduCcQISQED1uCYWWISzzAm4OlKrJYv3g8V5DH5HKu3nP09hBWlAUBoIKGgUlFI8PWOGi2kvcVLh3FCX8yxQcGQ/TF60Iheda7PLCUcBAcAYCEQgIRUr1KlehIkqVKleqSpUDZT5IxgelSoyxShupxDVcS1rs6BpzMbG8wuh40eZWJcvEaYYjn1uVmBmWBrJY/3ABty3beK7XMoq4AB10DEpYr+iB6OrT55l+bdfzl59kO3qQ+UMvdgViYEPgg9IVagDiHrA9K9KlSvSvUco5RnwjNYQQSehXoqVKlSpUQjFIwxUZzAxM+jcf/AIXOJaTAkcMDd1WMDq/iV7zobK6x3MSpm4yrfQeguBbhQF3OROzbANFnpt/qbyoK+A0S9UU1MGOVdZ7Xg9iE4J24HSEk1KlSpXpUr1ZXpUqVGKnhKegPoPUVKlSpUqVKlelSiIjDLT0SJGJE9SVKlS5EobqC2FayxSOqsX0NYcmQ5a6QkNAU6wYV0XJ2Zctma9K9RCvDqcH3Cwt14MEtNOmAW73GwReGfqly+05pou95/ohzp6h71v3hBQD0hICBAmJUqVKletfwS5UqJKlSiUSpUCBAlSvSpUr1d+lRJUqVKjDLLDCRJUISvQixqWkEXqUUclbt0G4hrS26504PbUA5G8/ge0OysqflftGxDwwJUPEpSL0C2F1wl8j2Ne8wsHq2vghRFqg030H7jip4T632R4AVa7DoOD4gZWhv1WiHpEVKlSvSpUqVK9K9KlSpUqVKlSpUqVAlSpUCVK/jUqVKlRD0qMMMMMVGAhcv0uKFYoG+0bJre98Skp8SiBYXNZC7z0nfHQifmEkjg8vBGauOQGlNeSEQESvImpqqdRR9xQvXgIlKOE7fd4+YXvTlYC+uA9pa7jW4L75k8TqUYqvy7feCKKTtTsQIWgSpXpUIEr0zDX8GVEmYelejUo/hUqVMS/4MfSpUqBKj6vqkYfUrWDPKN24kPy0AgLRwNs9LYjYddiHmmiHPGu2ul0lqNuFK2V2eR3B0vK91jiTrm5bPxDibFG37lCoA0EoxDtpizYde0PivQLfq4UkVURT2MxdQU02+B+4XWueK+xx8wMIYAFB4J2pTxA9IRUD0z61AlfxP5VK7yvQ9K9L9FkuXLly2XBlxfWpUCVECxdhNkrHpUqV6VKiRjZEYJ0Ur5qZVu6ZXuFQP1uvge+7gFNy3ifBCgQUJX8uZWVAZWICoxbXaYZ+COBizbiAoq/xIyVt2qW+y4cOdq3y7YWhAgSHoBKleuPSv4Hrn0PQPV36XCHox9T0WXLlyobh6V6kqV/CpX8K9WIRAr+1wEDOgVBcQBAwgipXpUEbcSsJIpKSvSv5n8+JTKlemfWv4GvVJUD0x6VKh6EPXcD1T0VK9a/kWAQPU/iypUqUSpXpUr0xLlwl+mv4XLmPQmfQ9b9alQJXokOe38K9KleivQEr0r0H0qVKlelelemYsWMGDLh6Mv0P4XGvRl+t/xuDL9T0r+Iy/Tfqr0ntAgSoy29Ru/wCNSpXpUr0qB616EfWpXqkY1Fi/wG/4cTg/i7hHUP1OY8+nWEIajD0Jz6cw368zrD15j68Q1OJ19DGEIbhH05jDfpz6cQ/gR1/F9GOo6nMZ/8QAKREBAAIBAwMEAgMBAQEAAAAAAQARITFBURBhcSCBkaGx0TDB4fDxQP/aAAgBAgEBPxD13p/A9V/gvPquWdFxZcuX6R6kPVfofQy49LzLl9LiywHM7Een9uduEHBe/ouEPRcvpfosl9GXLi9Lly8sGXLizBBFqnB/bFGRxHcTufcr/wAzSKnW+JdW9MdCZmZXCdhnbYcU7HQtyQXM8pXmdxnknZgrBL631Xo1QEGXLZg+59ZiGVod1m5zS8xXLroyhXOkR0GWS7GJU3wuCs7BKOCV2lPDBtnpDg+53ydpP+qhzocj8w4192Az2fERFwCJchStQxCFtwZcv0LGuiIy6eYM0WfaJAQeagLAadBZcnght/P0gAvfSqlmq8MFFNdotQLV5iVNQFlNOX0RQaRjXBMtTk8TLuZl+fqIOHM+hBP4mhe6j8zfh5/ZF608/oMp4Pi3+iVMDQSqT2LrLGg+o3pubaS8A15NjWYMcmiqXpf3L1rx/wAXAmqCgBcON7gx7Pxj0r0AqqgH5yhUNGbi4RabFVAwDONvMCMl5Iyq/OZkXGB7QMy/p7RMqggQYEdIX0Lz+YMXzmXhsYOi5ckbWg2BeFE11aQVLq9dYdNZYGUAE0mlt4gzYO6AV4h7Qt38lxFVYMOx73AqWOwFPiFuieVRr5BuIqKRB2s1ldTLRWuIWpupcaVnftBUi4bPMIYhuik+ILnYNKF/mHRRKB5IlPS4sWPENSqC0LmVdBGsS1BWgQ1w1wXMlUHxEICvAKd5ZwZDEdLeQvUIlZA+yVRpbdhekS1qjAKbJaubADzD4ZBVV1ei6vDAYasHziN1hUr3Qv8AJ9MRgQCne5cEZq0DLAjrCLAULs/2KaGgAEzGhgpmj8k0JoK1Xlj3FtujgjUBasuTM3rrJwvkvIZgaLCqMuNoOsc6OmmYUNjDljW3EJpZK/J/k+90cRjTyWljDtmVNz3lZ2QuZ8JLwCUTfTMv7Db6UzLp/wC+IKSm3yX8EI6TeMcSoNiudYyp5SWlSq0iVkpyHdjbis+3QM84PxEkAD4S/wAy4uqCrNn9w4UUUWtkKA4rR/pj5jqlylqlrbC3LVZ3qDPtN38HMBQW2rMBa/cIqKm24xoI5hjrFYLvh2i4omwqonaJUNZZkaxCq0qDkPaiJwqijXz+4YKiY4zQhFF4glYNCmruGwWrHvB3erwVFEJBCmjCywKpx0BGLkTFZhTDa0avDHMFBYqgywaDu3KZthCKXHvBpGaG9GABLZYbUSXnfEByp+uJQyjQpw5v+47jWobDTpGQBGxymg96gAXvZ3HJLCK86WVEi6tC+EQ1SyJtLbUStWS5t+tIdINjZ7UiJHc+YhQhw8xq9z/I69hHpDFNUJXu/UywAaFR/ng1dZO5CIKK06MZACmy8wccl6HaXBKi4gOwzmE8ksMQJmLITaW702jq7QK3M9B6WLkmD2/EA/SxaukyTNwWjUzhfES9krPITKdnX8QM02b2VwxCVAKl6DvUwhIMaaMXIAxmEtXlGlw6L20W+sw6MWVWp+ISoW2aM4JkhSwJzvHHpRbuN7RUrXrsfEN9/wDG5i3aEFbIC8Fb4jrNqvQ69YFgvuxC5pO8EwuJrJYs2HHkgGaCaaxJt84gaitYrOYVw9dHM3w9wSFhfIIoxpGlrOIAmtIAWS3GxBSFvu0qVS8b3i9mx36WV4Yvz+ZwgC+ItVzEtRn+oaLYYZimLcXUa2oRzxgs+cR8K5etGYQ1FgRzrp5gwgr2yzcbTYsb4NNZY2xs4T2lUVWunESqERVX2/yCS10y3zpFKULuuYi2gKBo+Y7vaaLnPMGPdDNgr0XWY4cm6URbSnmr8WxolO2be9xK8XQK92F3OfXeDah7SzPbeDrFCxA3Ts7xE5ZCqDaI1zUKs9zclsPYPxBJpjfeUAWlbSzGAKLgkuytyYQNzRALZtnP1GU8gv4iroKhgq1tTWZWLlUkOMi+GJUBew+7vFFrLDQ+5VIZF8l7dpZcUcq3nnM5OrZm+czCuqbvHaEKU80VC66nm5rDmj2KveLZT5egENt8xJuXCTcH4IjVfqcj8TdNfadnO0+J3T4lgVdQkLqCvN/aBRKcVUviWECC8/Mt/wC5aFAA0u413Jyb7Q/2ssYEOxUStyxZYdr/ADBpGJQuUHCqarU3ia2N6zSziQqWey+0sI6AoZ7Y7S3FMeN4BaqFFK2OuDN+ZqDFtPJLf4ARYcapDLom+/xENGBdYhBDWYjJG0DTfaWJILoXK2A/7tDm/cpz+4cn7jyfuPMZ2GUdCU2ficqvv+osUBbBg58QYpbMGj9zjnnotqd+gZhzDp3rWN0aUI6RavtuYjFqrytx5Iq6v8OYzvpMTUy+S5vCeMShER7wAl0wblFYDGe8o6g2D/cRYC2psZpmPI0zMW8J+oNS53ZkUoag5+GJ4C+8Hr9ocyI9EGq4CUgmk1/+WrFASrU2nLdR7hrC3+d5frDgp9OJrMNyWU5fmBUstdDz6czMr07xb6OJWIC9GPCIjnpZA21ICCOGCuUa1jrdls/yFpXaQHG3ZHGw411O0FqCLQfFzH1QVV4DJ8w1Ra0xr+5V2l8cERVdlVWfcCGLJ3B/UDygpoSgLRjz0ZnpVQreDrj1guhK7ueNZU6HP6QKzTnBCNI5FXzUNvEzZoypVf30QdYvaIbQFsdJhRII6MFlSrDNtY0O8HqgIwKoKd8PmUNR75fr6mCFcrX/AKQHRO3vzzFtoZpAblp1MEAEf5ba6PTMbbjzCd0mRPyM2xJi1J5iqJgqzEtaO0z9xBoNbGtTeU0dBKjXTqTUVvMr4ialSsRRat1xCCNjKjoUNMSoxk0iDrFtlrka+eel4QYqYlbf/AjRla/pAr7/ANCcQcf5NmL50jpU8E1lcFsI+BEoN5lzTU+yCLkvTxG8JYFu8uoMtVzDSkrZ2gzRcaWNU1lmZiEYZuHx6K4YflKBOh0P4j3QdJ8R3GIXbW2FOatcwLJwzXiXg0/56XFx0ul3M9mNVboE4OagKK1dYrXOYq4GWYj2heFAdyNUBmZ7h8xmz5YgU/YxFOrrdBKiNm039L6qlDa4qVcQxNoE2l4yyWNVWXWZo1YeZmBUXRBKSyHFeKzDGxLeYjz1olEx6aYo2DYPPq36ZmJbL6JKmWV2lGKqVc10Yu3SFiiYP4a6p6biNoiAPb0XBAaFXnnpZFmfTZPE2j6KlPVrrXoqV6dIWwDGrvNWGvSyFyglxZcvM16V0VhmEDrm5ZLJrAiMplMphMMqV6HkPmWRF1CpWv1j8Sg2sReFfEIBbN2HS+ukr0oMrPqrMTMprpcHpcvrfoA0A9BLOi2XBh0a6X0WXFniEUly/TXRVR6B6a/iqXj0csvGkuPTb0XBlzf0svoECOvp/8QAKREBAAIBAwMEAwADAQEAAAAAAQARITFBURBhcSCBkaGxwdEw8PHhQP/aAAgBAwEBPxDpmF+nPpJXoJUrvGV0JUrHSpXQIEroqClRgPRvE9KQ/wAB0OodaxKlSpUCUh4Pvph9GDylcpk6xDmFN1tr6KIkT01KlaeimVA9AdCVNpXSoBcsQl1GwtD6IZqcoLQVDg+pfj6mGAi9DMLlWrfos5ncI8aU7x5Z552mV4l/+pfieLod2dyKqvSpUroQOjSRRKlSpYfhfeIKVtmVUN5iuNtYahiWQyS24DTAOUxKRqXPtLO5VKCd5i8mZlnJEtnSeX4nYZXlL/8AUeOdknclsPN/MNFawrAIjVl34hGOalQPQEKlYXcniIrQnvAVlvFsTJXXNxjBFQcvxAV7/Zn9RBR0odZUgncivW17weyF1RAG1FE71Lxx9jB0Ha2gFShNx7y/Mrx9xbM4QL5YH5ievsB/E2A+7+R2FeD+1LFD+aP2y5hAhu7vybSstX5qV8HNrLCp21ugU9uAsFY4g1RZruQw0ESBaZtoI/seiumSMENWJHxJa1L0TmWl9Du3bLM1rOrG7DeGGkangVE1dyd9peBTszfvCwLWMLlE1m++rCvaLRwr3ggurl6KlwwX6KKa2rdadYR6B0N4GXGMxmjRRYFvWipUWb2Ev3DS8jivpUYbWtT+FQCwxyrfzDR8qkAwHgqWgcgU3p0igYGDmvG0cADFY7w2qioL7xCN8UxytCZNR+Y1+QCx0yI5Dhg2D1CBmDMUC6LQxK2UEziXVYZAl8tMpLtHmOhNUqD2iSU0uYBFZYyL7wECprve0xCqirNa+Zz7yKynxFo65p5rQj7ss+8QADAS0zvJGoDQX4jDTRIU8Mfh+yECrLZIrBiDRY5bpWkZpaZqEE2QLNpRcyXbCZhYIKaU0dprabp2JZqHym8YwCpW7o5reWoQ2Gw7xgFC7Erb3jdYBoMr5aiQdm33/wCxX4OhBQDV7RJVRN7loMY0i7S3NTKy4WLJAsvdjvKQ3OEPz+mNH5Xf0podurBfZYoUAF55h3C5nKyHjSHUTECHSQKVXfuc94CqwantAO6DHv0pPCH8wiou6GneoEU8LL5z+olUpYDjEcmUatp/D+oav64YKaCiYjDXEWXZf7BrwqXPZhMuoa3qZ45b7eIoI6RYFJqtBp37w3RYgLDzN4MHFGAjFoBatX3zKoutmvt/5MpBM8MYlg1eLlMw2TVxvBlOAuNVfO24FCMskaszGoaRdHmb45QlAJeiA8orCDkj/dzQNrg07xEA4CvmVamco3PCVftiVhi1bkmINBsHewyvW0C1gv8AvMtpqlZdwo6lp5MaxOUNUcAW/FykcMZ8mGOExFePi5ogjaOKxXLN8aQu00P91j2s4GtfesFZxtUXo0FlRGnfpAEaxi2+B+LIF8GA6pANBZY4PuYhZRtv9QblYyCU9mNlOq29CQ0K2U1iIw7NXvK7xNEo1/MU3Hkm6h8MqyIpxWZgx0Cla7+1Q0cr8wVtjHTVNRlA4ZmR5NhousOGaLgpeibhKeWvHDTge5GICA0t8kpdu2xr+oA74Fz5zFcg3Nawd/RnLt/u8WALCQA7rvmJDY4vD5IXhQvdvjmM7Byd1l+KhxWTYszqoCtYw0i1jxE8H5VMi7x2xAcMt7Zg01UHQZkVZx2CFjAj2iDZltNIaNG62fDLkq0ddIHn4zEi2F5vGI0yfJj8TgXZRmICZ2Et6j+ZSzjMaodT/d5i1YbtZZQgUuxrLbUlbYgVCk2hRK7cJy7fibHKIMC2YI0tx+4hBXelzuo7wvULDHOSki8aNaWxL5UiHSNUZPdkjM+5TtFUAdELSNUyFmzGzKXcKrWIxFF4NNNYNtXtMmKVS5+pgE0JocRZ9kU0BW2rxFhY7K2DWHwL+aIBOu+Ke1QzdDW7zwdooMY9NvxENFe8OV40LNP7AW0b1ZubQU4c3RQEvi5WH2dmAiH7CCujnZqqlkgE7yvOVbYpoDeowiWfFv7hUGLcx9wbJbxGvmZDo2ere295xByqDaBM4Q8kCwNWa/Y2mJCHAq2wqFiUH+uYgO2mKjAD7IywhUW6aRkNA694gqw4qaN+kubbOTuVADAHRCuhpzm4jKy6B/kFoj3YDQPuUNPszQvRpmd/O6+Z2X5gBBV6yoauJrFfeV0bM3czlSSxxj4lP+ZSQtXeqgLZYrsRsfQQrIXu3MQNQHEMe9X8RyJEMqjF7r8HaMWjt3CZlakGvkIYCWRBcd8wmTvnfaW0NRAKTG7VQ8gut8wTtiOHrXo8og0LrDVXeNvmA6lxYisosbHDiU1C9t4bgUNWmIVY/wC8x4n1Ox+o8L6hwPqHBPeeCXNXPiW7/wAyjQez+wBu12DPFtFwcYtS4Q9y4bZt4mmAvM7PKQrbj9ysWHBzxKQ4Nn/2VqDsB/yHMsAGCutMx09+ul41hpyTYNTtLa7TU08NQejezmYKRe0UGoptSuVzjtDbSu5P1AKWO9lJMO1cCyFg8of0wBUPY1lFIBhTD7lzVl9ibX6RzY4hJVAtX2IqpNZ9CX8EpYChoeBajzBONd0FOWtpWbnYvOpDBUOxxKO0PkxFLIXmoAaFdQlHMs4lzf0h0F6TF51g9qZVa1K7wxB7wCaxZVFvoyhRMkGNCCYhPaw5+DeNNoSLAM6PfKwBbpo94owaLNtBr+wb6YEsfsNdoqEO1zp+yYGtc8v9igmyDYPtX7jc4Tphq25YrGneXAXbMqGJjzLl2WZjdYiCmvrUNcQQXYLVwHdXaWZwks+VHxOPZLDxZX1CaDuGz2Fg9pfPNsFWwvHDKNXZonA1OhYwO8OSIpTJrKNhiI0lMSNyzjIXbq9oK6awQJKYgTZs9uIJt7F+yn7gQ0GCzp70/EO3oCa6cGpAt7jusZjRezrGQSv8eelZiCUwQeq0P0XtpLMWRWvKtTsy8QYdp5JR2dNoXvcMidrAmeKbmRxqU7JUYYACodyFtRWkHoxAq9DMi2aevvY+45AbB15lKsBpUIoKSEbB3zLTMJKX3go4ahwQqqhdHbj26VrFbcyB36af5AzKlbglEZ8DcmmVDoa+wV8QIwjNbPdmNpaB21mot5ZkYqUUsDNC+xOFSgp3+nmO0BWvmJbQqnEoyJRutIk2AaJuQUUneUJqWjAoDn8zNDG00B9GJCQlgPR00lcx6aempoTEZVFvzKuy4swYIenLpRNp40li2gEAFqvWYsZLKR3rPGnSvMBGBabDHeXQWIsGRi4tBChyN1jEArAQAQJvKVLNsMFtYq4gQ9yKY/DMwPBl8aOtUNvtBukzUI9VEgSoazMpoZZdvUE6e8ETkiHeEXOp7kFSgGgHgXLwCwHxLJd79FxI2NSgoQXdEUlK1elwDiY6Wy3mF8+q0SzN46vaYm/o1hFGsy6ErvmAGnQZfS4BBpUuskZtzmrfuBlCqIK0mT/BfUYMPRU1KGFpXnqEttMAHVuvaUvGZS7QT116h/xXB6DXoxWVEMuCaMtJVMyigl2hM9W4AdK6Y6h0fTUrrfoel9blw4n4mGsENLuWv+5/Msd5AVkqBpwOwTJ4gD/Fcv1XBlnWutZ9amqff01KlSvQempXSpUr13L/APn4lZlQ9RGV6iV0WL6v/9k=\" width=\"443\" height=\"295\" /></p>', '[\"java\",\"cs\",\"android\",\"mobile\",\"learn\",\"tablet\"]', 'published', 'opened', 0, 47, 51, '2021-11-06 19:46:01', '2021-11-07 14:02:19');

-- --------------------------------------------------------

--
-- Table structure for table `role`
--

CREATE TABLE `role` (
  `id` bigint(20) UNSIGNED NOT NULL,
  `name` varchar(255) COLLATE utf8mb4_unicode_ci NOT NULL,
  `label` varchar(255) COLLATE utf8mb4_unicode_ci DEFAULT NULL,
  `created_at` timestamp NULL DEFAULT NULL,
  `updated_at` timestamp NULL DEFAULT NULL
) ENGINE=InnoDB DEFAULT CHARSET=utf8mb4 COLLATE=utf8mb4_unicode_ci;

--
-- Dumping data for table `role`
--

INSERT INTO `role` (`id`, `name`, `label`, `created_at`, `updated_at`) VALUES
(1, 'admin', 'super admin', NULL, NULL),
(2, 'editor', 'editor', '2021-10-31 12:16:47', '2021-10-31 12:16:47'),
(3, 'guest', 'normal user', NULL, NULL);

-- --------------------------------------------------------

--
-- Table structure for table `role_user`
--

CREATE TABLE `role_user` (
  `id` bigint(20) UNSIGNED NOT NULL,
  `role_id` bigint(20) UNSIGNED NOT NULL,
  `user_id` bigint(20) UNSIGNED NOT NULL,
  `created_at` timestamp NULL DEFAULT NULL,
  `updated_at` timestamp NULL DEFAULT NULL
) ENGINE=InnoDB DEFAULT CHARSET=utf8mb4 COLLATE=utf8mb4_unicode_ci;

--
-- Dumping data for table `role_user`
--

INSERT INTO `role_user` (`id`, `role_id`, `user_id`, `created_at`, `updated_at`) VALUES
(1, 1, 46, NULL, NULL),
(5, 2, 47, '2021-11-09 09:42:51', '2021-11-09 09:42:51'),
(14, 2, 49, '2021-11-15 14:21:07', '2021-11-15 14:21:07'),
(16, 3, 53, '2021-11-15 15:00:01', '2021-11-15 15:00:01'),
(21, 3, 58, '2021-11-16 08:37:18', '2021-11-16 08:37:18'),
(22, 3, 59, '2021-11-16 08:38:29', '2021-11-16 08:38:29');

-- --------------------------------------------------------

--
-- Table structure for table `tags`
--

CREATE TABLE `tags` (
  `id` bigint(20) UNSIGNED NOT NULL,
  `name` varchar(255) COLLATE utf8mb4_unicode_ci DEFAULT NULL,
  `post_id` bigint(20) UNSIGNED NOT NULL,
  `created_at` timestamp NULL DEFAULT NULL,
  `updated_at` timestamp NULL DEFAULT NULL
) ENGINE=InnoDB DEFAULT CHARSET=utf8mb4 COLLATE=utf8mb4_unicode_ci;

-- --------------------------------------------------------

--
-- Table structure for table `users`
--

CREATE TABLE `users` (
  `id` bigint(20) UNSIGNED NOT NULL,
  `name` varchar(255) COLLATE utf8mb4_unicode_ci NOT NULL,
  `email` varchar(255) COLLATE utf8mb4_unicode_ci NOT NULL,
  `email_verified_at` timestamp NULL DEFAULT NULL,
  `password` varchar(255) COLLATE utf8mb4_unicode_ci NOT NULL,
  `avatar` varchar(255) CHARACTER SET utf8 DEFAULT NULL,
  `about` tinytext COLLATE utf8mb4_unicode_ci DEFAULT NULL,
  `role` tinytext COLLATE utf8mb4_unicode_ci DEFAULT NULL,
  `remember_token` varchar(100) COLLATE utf8mb4_unicode_ci DEFAULT NULL,
  `created_at` timestamp NULL DEFAULT NULL,
  `updated_at` timestamp NULL DEFAULT NULL
) ENGINE=InnoDB DEFAULT CHARSET=utf8mb4 COLLATE=utf8mb4_unicode_ci;

--
-- Dumping data for table `users`
--

INSERT INTO `users` (`id`, `name`, `email`, `email_verified_at`, `password`, `avatar`, `about`, `role`, `remember_token`, `created_at`, `updated_at`) VALUES
(46, 'Mohamed Afifi', 'ma@ma.com', NULL, '$2y$10$/jta.1FYFMJ3xlm4iKMgL.QfeZyDgKAvcSEmic6I4YqKmt4edhLVK', NULL, NULL, NULL, NULL, '2021-11-02 19:49:35', '2021-11-11 14:02:11'),
(47, 'Ali mohamed', 'aaa@aa.com', NULL, '$2y$10$Qs83Nr.eFn.Pp9WzyhDnYeS7G/HWf90Ir101oDo73lo0f86MY/eJS', NULL, NULL, NULL, NULL, '2021-11-06 18:58:13', '2021-11-11 13:56:15'),
(49, 'Emad E.Din', 'e@e.com', NULL, '$2y$10$F1gReYcj9A28O.z5Mqbz2ObUlu0PTJxGPRFcBk2HtUPIaUbmXKyvK', 'image-1636957206.jpg', NULL, NULL, NULL, '2021-11-14 16:21:22', '2021-11-15 14:20:06'),
(53, 'Ahmed Walid', 'a@w.com', NULL, '$2y$10$/fNPsehb1ROogQVlGOGcW..2QZcASOwEqO0jJGeBFL9NxZnD4WCu2', NULL, NULL, NULL, NULL, '2021-11-15 15:00:01', '2021-11-15 15:00:01'),
(58, 'Ahmed', 'a.a@a.a', NULL, '$2y$10$J/p7ZJhL.FZIOHxNQ3lfLuCajs2rkh.zo9Jqf9aX5.EZ8zDJJe2ye', NULL, NULL, NULL, NULL, '2021-11-16 08:37:18', '2021-11-16 08:37:18'),
(59, 'Aaa', 'aa@aa.cc', NULL, '$2y$10$QzGquOGF8OisSUP6gTOf9OOKqYxqT/V.miUZWrFWvZXtbA54L8X5S', NULL, NULL, NULL, NULL, '2021-11-16 08:38:29', '2021-11-16 08:38:29');

--
-- Indexes for dumped tables
--

--
-- Indexes for table `abilities`
--
ALTER TABLE `abilities`
  ADD PRIMARY KEY (`id`);

--
-- Indexes for table `ability_role`
--
ALTER TABLE `ability_role`
  ADD KEY `ability_role_role_id_foreign` (`role_id`),
  ADD KEY `ability_role_ability_id_foreign` (`ability_id`);

--
-- Indexes for table `categories`
--
ALTER TABLE `categories`
  ADD PRIMARY KEY (`id`);

--
-- Indexes for table `comments`
--
ALTER TABLE `comments`
  ADD PRIMARY KEY (`id`),
  ADD KEY `comments_user_id_foreign` (`user_id`),
  ADD KEY `comments_post_id_foreign` (`post_id`);

--
-- Indexes for table `failed_jobs`
--
ALTER TABLE `failed_jobs`
  ADD PRIMARY KEY (`id`),
  ADD UNIQUE KEY `failed_jobs_uuid_unique` (`uuid`);

--
-- Indexes for table `migrations`
--
ALTER TABLE `migrations`
  ADD PRIMARY KEY (`id`);

--
-- Indexes for table `password_resets`
--
ALTER TABLE `password_resets`
  ADD KEY `password_resets_email_index` (`email`);

--
-- Indexes for table `posts`
--
ALTER TABLE `posts`
  ADD PRIMARY KEY (`id`),
  ADD UNIQUE KEY `slug` (`slug`),
  ADD KEY `posts_user_id_foreign` (`user_id`),
  ADD KEY `posts_category_id_foreign` (`category_id`);

--
-- Indexes for table `role`
--
ALTER TABLE `role`
  ADD PRIMARY KEY (`id`);

--
-- Indexes for table `role_user`
--
ALTER TABLE `role_user`
  ADD PRIMARY KEY (`id`),
  ADD KEY `role_user_role_id_foreign` (`role_id`),
  ADD KEY `role_user_user_id_foreign` (`user_id`);

--
-- Indexes for table `tags`
--
ALTER TABLE `tags`
  ADD PRIMARY KEY (`id`);

--
-- Indexes for table `users`
--
ALTER TABLE `users`
  ADD PRIMARY KEY (`id`),
  ADD UNIQUE KEY `users_email_unique` (`email`);

--
-- AUTO_INCREMENT for dumped tables
--

--
-- AUTO_INCREMENT for table `abilities`
--
ALTER TABLE `abilities`
  MODIFY `id` bigint(20) UNSIGNED NOT NULL AUTO_INCREMENT, AUTO_INCREMENT=5;

--
-- AUTO_INCREMENT for table `categories`
--
ALTER TABLE `categories`
  MODIFY `id` bigint(20) UNSIGNED NOT NULL AUTO_INCREMENT, AUTO_INCREMENT=62;

--
-- AUTO_INCREMENT for table `comments`
--
ALTER TABLE `comments`
  MODIFY `id` bigint(20) UNSIGNED NOT NULL AUTO_INCREMENT, AUTO_INCREMENT=5;

--
-- AUTO_INCREMENT for table `failed_jobs`
--
ALTER TABLE `failed_jobs`
  MODIFY `id` bigint(20) UNSIGNED NOT NULL AUTO_INCREMENT;

--
-- AUTO_INCREMENT for table `migrations`
--
ALTER TABLE `migrations`
  MODIFY `id` int(10) UNSIGNED NOT NULL AUTO_INCREMENT, AUTO_INCREMENT=8;

--
-- AUTO_INCREMENT for table `posts`
--
ALTER TABLE `posts`
  MODIFY `id` bigint(20) UNSIGNED NOT NULL AUTO_INCREMENT, AUTO_INCREMENT=42;

--
-- AUTO_INCREMENT for table `role`
--
ALTER TABLE `role`
  MODIFY `id` bigint(20) UNSIGNED NOT NULL AUTO_INCREMENT, AUTO_INCREMENT=23;

--
-- AUTO_INCREMENT for table `role_user`
--
ALTER TABLE `role_user`
  MODIFY `id` bigint(20) UNSIGNED NOT NULL AUTO_INCREMENT, AUTO_INCREMENT=24;

--
-- AUTO_INCREMENT for table `tags`
--
ALTER TABLE `tags`
  MODIFY `id` bigint(20) UNSIGNED NOT NULL AUTO_INCREMENT, AUTO_INCREMENT=9;

--
-- AUTO_INCREMENT for table `users`
--
ALTER TABLE `users`
  MODIFY `id` bigint(20) UNSIGNED NOT NULL AUTO_INCREMENT, AUTO_INCREMENT=61;

--
-- Constraints for dumped tables
--

--
-- Constraints for table `ability_role`
--
ALTER TABLE `ability_role`
  ADD CONSTRAINT `ability_role_ability_id_foreign` FOREIGN KEY (`ability_id`) REFERENCES `abilities` (`id`) ON DELETE CASCADE ON UPDATE CASCADE,
  ADD CONSTRAINT `ability_role_role_id_foreign` FOREIGN KEY (`role_id`) REFERENCES `role` (`id`) ON DELETE CASCADE ON UPDATE CASCADE;

--
-- Constraints for table `comments`
--
ALTER TABLE `comments`
  ADD CONSTRAINT `comments_post_id_foreign` FOREIGN KEY (`post_id`) REFERENCES `posts` (`id`) ON DELETE CASCADE ON UPDATE CASCADE,
  ADD CONSTRAINT `comments_user_id_foreign` FOREIGN KEY (`user_id`) REFERENCES `users` (`id`) ON DELETE CASCADE ON UPDATE CASCADE;

--
-- Constraints for table `posts`
--
ALTER TABLE `posts`
  ADD CONSTRAINT `posts_category_id_foreign` FOREIGN KEY (`category_id`) REFERENCES `categories` (`id`) ON DELETE CASCADE ON UPDATE CASCADE,
  ADD CONSTRAINT `posts_user_id_foreign` FOREIGN KEY (`user_id`) REFERENCES `users` (`id`) ON DELETE CASCADE ON UPDATE CASCADE;

--
-- Constraints for table `role_user`
--
ALTER TABLE `role_user`
  ADD CONSTRAINT `role_user_role_id_foreign` FOREIGN KEY (`role_id`) REFERENCES `role` (`id`) ON DELETE CASCADE ON UPDATE CASCADE,
  ADD CONSTRAINT `role_user_user_id_foreign` FOREIGN KEY (`user_id`) REFERENCES `users` (`id`) ON DELETE CASCADE ON UPDATE CASCADE;
COMMIT;

/*!40101 SET CHARACTER_SET_CLIENT=@OLD_CHARACTER_SET_CLIENT */;
/*!40101 SET CHARACTER_SET_RESULTS=@OLD_CHARACTER_SET_RESULTS */;
/*!40101 SET COLLATION_CONNECTION=@OLD_COLLATION_CONNECTION */;
